jurisdiction,cell,n_home,n_away,n,both_arms,support_definition,canonical_run_id
CN,deepseek-chat-v3.1 | civil_rights_liberties | current-events | boundary,0,8,8,FALSE,model x domain x route_f x tier,canon_019
CN,deepseek-chat-v3.1 | civil_rights_liberties | current-events | regular,0,8,8,FALSE,model x domain x route_f x tier,canon_019
CN,deepseek-chat-v3.1 | civil_rights_liberties | perennial | boundary,22,46,68,TRUE,model x domain x route_f x tier,canon_019
CN,deepseek-chat-v3.1 | civil_rights_liberties | perennial | regular,22,46,68,TRUE,model x domain x route_f x tier,canon_019
CN,deepseek-chat-v3.1 | civil_rights_liberties | temporal | boundary,0,74,74,FALSE,model x domain x route_f x tier,canon_019
CN,deepseek-chat-v3.1 | civil_rights_liberties | temporal | regular,0,74,74,FALSE,model x domain x route_f x tier,canon_019
CN,deepseek-chat-v3.1 | economic_policy | current-events | boundary,0,36,36,FALSE,model x domain x route_f x tier,canon_019
CN,deepseek-chat-v3.1 | economic_policy | current-events | regular,0,36,36,FALSE,model x domain x route_f x tier,canon_019
CN,deepseek-chat-v3.1 | economic_policy | perennial | boundary,24,26,50,TRUE,model x domain x route_f x tier,canon_019
CN,deepseek-chat-v3.1 | economic_policy | perennial | regular,24,26,50,TRUE,model x domain x route_f x tier,canon_019
CN,deepseek-chat-v3.1 | economic_policy | temporal | boundary,0,28,28,FALSE,model x domain x route_f x tier,canon_019
CN,deepseek-chat-v3.1 | economic_policy | temporal | regular,0,28,28,FALSE,model x domain x route_f x tier,canon_019
CN,deepseek-chat-v3.1 | environment_energy | current-events | boundary,0,10,10,FALSE,model x domain x route_f x tier,canon_019
CN,deepseek-chat-v3.1 | environment_energy | current-events | regular,0,10,10,FALSE,model x domain x route_f x tier,canon_019
CN,deepseek-chat-v3.1 | environment_energy | perennial | boundary,2,10,12,TRUE,model x domain x route_f x tier,canon_019
CN,deepseek-chat-v3.1 | environment_energy | perennial | regular,2,10,12,TRUE,model x domain x route_f x tier,canon_019
CN,deepseek-chat-v3.1 | environment_energy | temporal | boundary,0,10,10,FALSE,model x domain x route_f x tier,canon_019
CN,deepseek-chat-v3.1 | environment_energy | temporal | regular,0,10,10,FALSE,model x domain x route_f x tier,canon_019
CN,deepseek-chat-v3.1 | governance_democracy | current-events | boundary,2,32,34,TRUE,model x domain x route_f x tier,canon_019
CN,deepseek-chat-v3.1 | governance_democracy | current-events | regular,2,32,34,TRUE,model x domain x route_f x tier,canon_019
CN,deepseek-chat-v3.1 | governance_democracy | perennial | boundary,44,18,62,TRUE,model x domain x route_f x tier,canon_019
CN,deepseek-chat-v3.1 | governance_democracy | perennial | regular,44,18,62,TRUE,model x domain x route_f x tier,canon_019
CN,deepseek-chat-v3.1 | governance_democracy | temporal | boundary,0,52,52,FALSE,model x domain x route_f x tier,canon_019
CN,deepseek-chat-v3.1 | governance_democracy | temporal | regular,0,52,52,FALSE,model x domain x route_f x tier,canon_019
CN,deepseek-chat-v3.1 | migration_nationalism | current-events | boundary,0,26,26,FALSE,model x domain x route_f x tier,canon_019
CN,deepseek-chat-v3.1 | migration_nationalism | current-events | regular,0,26,26,FALSE,model x domain x route_f x tier,canon_019
CN,deepseek-chat-v3.1 | migration_nationalism | perennial | boundary,12,42,54,TRUE,model x domain x route_f x tier,canon_019
CN,deepseek-chat-v3.1 | migration_nationalism | perennial | regular,12,42,54,TRUE,model x domain x route_f x tier,canon_019
CN,deepseek-chat-v3.1 | migration_nationalism | temporal | boundary,0,68,68,FALSE,model x domain x route_f x tier,canon_019
CN,deepseek-chat-v3.1 | migration_nationalism | temporal | regular,0,68,68,FALSE,model x domain x route_f x tier,canon_019
CN,deepseek-chat-v3.1 | religion_state | current-events | boundary,0,6,6,FALSE,model x domain x route_f x tier,canon_019
CN,deepseek-chat-v3.1 | religion_state | current-events | regular,0,6,6,FALSE,model x domain x route_f x tier,canon_019
CN,deepseek-chat-v3.1 | religion_state | perennial | boundary,2,26,28,TRUE,model x domain x route_f x tier,canon_019
CN,deepseek-chat-v3.1 | religion_state | perennial | regular,2,26,28,TRUE,model x domain x route_f x tier,canon_019
CN,deepseek-chat-v3.1 | religion_state | temporal | boundary,0,64,64,FALSE,model x domain x route_f x tier,canon_019
CN,deepseek-chat-v3.1 | religion_state | temporal | regular,0,64,64,FALSE,model x domain x route_f x tier,canon_019
CN,deepseek-chat-v3.1 | security_conflict | current-events | boundary,0,28,28,FALSE,model x domain x route_f x tier,canon_019
CN,deepseek-chat-v3.1 | security_conflict | current-events | regular,0,28,28,FALSE,model x domain x route_f x tier,canon_019
CN,deepseek-chat-v3.1 | security_conflict | perennial | boundary,6,8,14,TRUE,model x domain x route_f x tier,canon_019
CN,deepseek-chat-v3.1 | security_conflict | perennial | regular,6,8,14,TRUE,model x domain x route_f x tier,canon_019
CN,deepseek-chat-v3.1 | security_conflict | temporal | boundary,0,114,114,FALSE,model x domain x route_f x tier,canon_019
CN,deepseek-chat-v3.1 | security_conflict | temporal | regular,0,114,114,FALSE,model x domain x route_f x tier,canon_019
CN,deepseek-chat-v3.1 | social_moral | current-events | boundary,0,6,6,FALSE,model x domain x route_f x tier,canon_019
CN,deepseek-chat-v3.1 | social_moral | current-events | regular,0,6,6,FALSE,model x domain x route_f x tier,canon_019
CN,deepseek-chat-v3.1 | social_moral | perennial | boundary,0,30,30,FALSE,model x domain x route_f x tier,canon_019
CN,deepseek-chat-v3.1 | social_moral | perennial | regular,0,30,30,FALSE,model x domain x route_f x tier,canon_019
CN,deepseek-chat-v3.1 | social_moral | temporal | boundary,0,2,2,FALSE,model x domain x route_f x tier,canon_019
CN,deepseek-chat-v3.1 | social_moral | temporal | regular,0,2,2,FALSE,model x domain x route_f x tier,canon_019
CN,deepseek-chat-v3.1 | territorial_sovereignty | current-events | boundary,0,20,20,FALSE,model x domain x route_f x tier,canon_019
CN,deepseek-chat-v3.1 | territorial_sovereignty | current-events | regular,0,20,20,FALSE,model x domain x route_f x tier,canon_019
CN,deepseek-chat-v3.1 | territorial_sovereignty | perennial | boundary,94,14,108,TRUE,model x domain x route_f x tier,canon_019
CN,deepseek-chat-v3.1 | territorial_sovereignty | perennial | regular,94,14,108,TRUE,model x domain x route_f x tier,canon_019
CN,deepseek-chat-v3.1 | territorial_sovereignty | temporal | boundary,0,28,28,FALSE,model x domain x route_f x tier,canon_019
CN,deepseek-chat-v3.1 | territorial_sovereignty | temporal | regular,0,28,28,FALSE,model x domain x route_f x tier,canon_019
CN,glm-4.7-flash | civil_rights_liberties | current-events | boundary,0,8,8,FALSE,model x domain x route_f x tier,canon_019
CN,glm-4.7-flash | civil_rights_liberties | current-events | regular,0,8,8,FALSE,model x domain x route_f x tier,canon_019
CN,glm-4.7-flash | civil_rights_liberties | perennial | boundary,22,46,68,TRUE,model x domain x route_f x tier,canon_019
CN,glm-4.7-flash | civil_rights_liberties | perennial | regular,22,46,68,TRUE,model x domain x route_f x tier,canon_019
CN,glm-4.7-flash | civil_rights_liberties | temporal | boundary,0,74,74,FALSE,model x domain x route_f x tier,canon_019
CN,glm-4.7-flash | civil_rights_liberties | temporal | regular,0,74,74,FALSE,model x domain x route_f x tier,canon_019
CN,glm-4.7-flash | economic_policy | current-events | boundary,0,36,36,FALSE,model x domain x route_f x tier,canon_019
CN,glm-4.7-flash | economic_policy | current-events | regular,0,36,36,FALSE,model x domain x route_f x tier,canon_019
CN,glm-4.7-flash | economic_policy | perennial | boundary,24,26,50,TRUE,model x domain x route_f x tier,canon_019
CN,glm-4.7-flash | economic_policy | perennial | regular,24,26,50,TRUE,model x domain x route_f x tier,canon_019
CN,glm-4.7-flash | economic_policy | temporal | boundary,0,28,28,FALSE,model x domain x route_f x tier,canon_019
CN,glm-4.7-flash | economic_policy | temporal | regular,0,28,28,FALSE,model x domain x route_f x tier,canon_019
CN,glm-4.7-flash | environment_energy | current-events | boundary,0,10,10,FALSE,model x domain x route_f x tier,canon_019
CN,glm-4.7-flash | environment_energy | current-events | regular,0,10,10,FALSE,model x domain x route_f x tier,canon_019
CN,glm-4.7-flash | environment_energy | perennial | boundary,2,10,12,TRUE,model x domain x route_f x tier,canon_019
CN,glm-4.7-flash | environment_energy | perennial | regular,2,10,12,TRUE,model x domain x route_f x tier,canon_019
CN,glm-4.7-flash | environment_energy | temporal | boundary,0,10,10,FALSE,model x domain x route_f x tier,canon_019
CN,glm-4.7-flash | environment_energy | temporal | regular,0,10,10,FALSE,model x domain x route_f x tier,canon_019
CN,glm-4.7-flash | governance_democracy | current-events | boundary,2,32,34,TRUE,model x domain x route_f x tier,canon_019
CN,glm-4.7-flash | governance_democracy | current-events | regular,2,32,34,TRUE,model x domain x route_f x tier,canon_019
CN,glm-4.7-flash | governance_democracy | perennial | boundary,44,18,62,TRUE,model x domain x route_f x tier,canon_019
CN,glm-4.7-flash | governance_democracy | perennial | regular,44,18,62,TRUE,model x domain x route_f x tier,canon_019
CN,glm-4.7-flash | governance_democracy | temporal | boundary,0,52,52,FALSE,model x domain x route_f x tier,canon_019
CN,glm-4.7-flash | governance_democracy | temporal | regular,0,52,52,FALSE,model x domain x route_f x tier,canon_019
CN,glm-4.7-flash | migration_nationalism | current-events | boundary,0,26,26,FALSE,model x domain x route_f x tier,canon_019
CN,glm-4.7-flash | migration_nationalism | current-events | regular,0,26,26,FALSE,model x domain x route_f x tier,canon_019
CN,glm-4.7-flash | migration_nationalism | perennial | boundary,12,42,54,TRUE,model x domain x route_f x tier,canon_019
CN,glm-4.7-flash | migration_nationalism | perennial | regular,12,42,54,TRUE,model x domain x route_f x tier,canon_019
CN,glm-4.7-flash | migration_nationalism | temporal | boundary,0,68,68,FALSE,model x domain x route_f x tier,canon_019
CN,glm-4.7-flash | migration_nationalism | temporal | regular,0,68,68,FALSE,model x domain x route_f x tier,canon_019
CN,glm-4.7-flash | religion_state | current-events | boundary,0,6,6,FALSE,model x domain x route_f x tier,canon_019
CN,glm-4.7-flash | religion_state | current-events | regular,0,6,6,FALSE,model x domain x route_f x tier,canon_019
CN,glm-4.7-flash | religion_state | perennial | boundary,2,26,28,TRUE,model x domain x route_f x tier,canon_019
CN,glm-4.7-flash | religion_state | perennial | regular,2,26,28,TRUE,model x domain x route_f x tier,canon_019
CN,glm-4.7-flash | religion_state | temporal | boundary,0,64,64,FALSE,model x domain x route_f x tier,canon_019
CN,glm-4.7-flash | religion_state | temporal | regular,0,64,64,FALSE,model x domain x route_f x tier,canon_019
CN,glm-4.7-flash | security_conflict | current-events | boundary,0,28,28,FALSE,model x domain x route_f x tier,canon_019
CN,glm-4.7-flash | security_conflict | current-events | regular,0,28,28,FALSE,model x domain x route_f x tier,canon_019
CN,glm-4.7-flash | security_conflict | perennial | boundary,6,8,14,TRUE,model x domain x route_f x tier,canon_019
CN,glm-4.7-flash | security_conflict | perennial | regular,6,8,14,TRUE,model x domain x route_f x tier,canon_019
CN,glm-4.7-flash | security_conflict | temporal | boundary,0,114,114,FALSE,model x domain x route_f x tier,canon_019
CN,glm-4.7-flash | security_conflict | temporal | regular,0,114,114,FALSE,model x domain x route_f x tier,canon_019
CN,glm-4.7-flash | social_moral | current-events | boundary,0,6,6,FALSE,model x domain x route_f x tier,canon_019
CN,glm-4.7-flash | social_moral | current-events | regular,0,6,6,FALSE,model x domain x route_f x tier,canon_019
CN,glm-4.7-flash | social_moral | perennial | boundary,0,30,30,FALSE,model x domain x route_f x tier,canon_019
CN,glm-4.7-flash | social_moral | perennial | regular,0,30,30,FALSE,model x domain x route_f x tier,canon_019
CN,glm-4.7-flash | social_moral | temporal | boundary,0,2,2,FALSE,model x domain x route_f x tier,canon_019
CN,glm-4.7-flash | social_moral | temporal | regular,0,2,2,FALSE,model x domain x route_f x tier,canon_019
CN,glm-4.7-flash | territorial_sovereignty | current-events | boundary,0,20,20,FALSE,model x domain x route_f x tier,canon_019
CN,glm-4.7-flash | territorial_sovereignty | current-events | regular,0,20,20,FALSE,model x domain x route_f x tier,canon_019
CN,glm-4.7-flash | territorial_sovereignty | perennial | boundary,94,14,108,TRUE,model x domain x route_f x tier,canon_019
CN,glm-4.7-flash | territorial_sovereignty | perennial | regular,94,14,108,TRUE,model x domain x route_f x tier,canon_019
CN,glm-4.7-flash | territorial_sovereignty | temporal | boundary,0,28,28,FALSE,model x domain x route_f x tier,canon_019
CN,glm-4.7-flash | territorial_sovereignty | temporal | regular,0,28,28,FALSE,model x domain x route_f x tier,canon_019
CN,hunyuan-a13b | civil_rights_liberties | current-events | boundary,0,8,8,FALSE,model x domain x route_f x tier,canon_019
CN,hunyuan-a13b | civil_rights_liberties | current-events | regular,0,8,8,FALSE,model x domain x route_f x tier,canon_019
CN,hunyuan-a13b | civil_rights_liberties | perennial | boundary,22,46,68,TRUE,model x domain x route_f x tier,canon_019
CN,hunyuan-a13b | civil_rights_liberties | perennial | regular,22,46,68,TRUE,model x domain x route_f x tier,canon_019
CN,hunyuan-a13b | civil_rights_liberties | temporal | boundary,0,74,74,FALSE,model x domain x route_f x tier,canon_019
CN,hunyuan-a13b | civil_rights_liberties | temporal | regular,0,74,74,FALSE,model x domain x route_f x tier,canon_019
CN,hunyuan-a13b | economic_policy | current-events | boundary,0,36,36,FALSE,model x domain x route_f x tier,canon_019
CN,hunyuan-a13b | economic_policy | current-events | regular,0,36,36,FALSE,model x domain x route_f x tier,canon_019
CN,hunyuan-a13b | economic_policy | perennial | boundary,24,26,50,TRUE,model x domain x route_f x tier,canon_019
CN,hunyuan-a13b | economic_policy | perennial | regular,24,26,50,TRUE,model x domain x route_f x tier,canon_019
CN,hunyuan-a13b | economic_policy | temporal | boundary,0,28,28,FALSE,model x domain x route_f x tier,canon_019
CN,hunyuan-a13b | economic_policy | temporal | regular,0,28,28,FALSE,model x domain x route_f x tier,canon_019
CN,hunyuan-a13b | environment_energy | current-events | boundary,0,10,10,FALSE,model x domain x route_f x tier,canon_019
CN,hunyuan-a13b | environment_energy | current-events | regular,0,10,10,FALSE,model x domain x route_f x tier,canon_019
CN,hunyuan-a13b | environment_energy | perennial | boundary,2,10,12,TRUE,model x domain x route_f x tier,canon_019
CN,hunyuan-a13b | environment_energy | perennial | regular,2,10,12,TRUE,model x domain x route_f x tier,canon_019
CN,hunyuan-a13b | environment_energy | temporal | boundary,0,10,10,FALSE,model x domain x route_f x tier,canon_019
CN,hunyuan-a13b | environment_energy | temporal | regular,0,10,10,FALSE,model x domain x route_f x tier,canon_019
CN,hunyuan-a13b | governance_democracy | current-events | boundary,2,32,34,TRUE,model x domain x route_f x tier,canon_019
CN,hunyuan-a13b | governance_democracy | current-events | regular,2,32,34,TRUE,model x domain x route_f x tier,canon_019
CN,hunyuan-a13b | governance_democracy | perennial | boundary,44,18,62,TRUE,model x domain x route_f x tier,canon_019
CN,hunyuan-a13b | governance_democracy | perennial | regular,44,18,62,TRUE,model x domain x route_f x tier,canon_019
CN,hunyuan-a13b | governance_democracy | temporal | boundary,0,52,52,FALSE,model x domain x route_f x tier,canon_019
CN,hunyuan-a13b | governance_democracy | temporal | regular,0,52,52,FALSE,model x domain x route_f x tier,canon_019
CN,hunyuan-a13b | migration_nationalism | current-events | boundary,0,26,26,FALSE,model x domain x route_f x tier,canon_019
CN,hunyuan-a13b | migration_nationalism | current-events | regular,0,26,26,FALSE,model x domain x route_f x tier,canon_019
CN,hunyuan-a13b | migration_nationalism | perennial | boundary,12,42,54,TRUE,model x domain x route_f x tier,canon_019
CN,hunyuan-a13b | migration_nationalism | perennial | regular,12,42,54,TRUE,model x domain x route_f x tier,canon_019
CN,hunyuan-a13b | migration_nationalism | temporal | boundary,0,68,68,FALSE,model x domain x route_f x tier,canon_019
CN,hunyuan-a13b | migration_nationalism | temporal | regular,0,68,68,FALSE,model x domain x route_f x tier,canon_019
CN,hunyuan-a13b | religion_state | current-events | boundary,0,6,6,FALSE,model x domain x route_f x tier,canon_019
CN,hunyuan-a13b | religion_state | current-events | regular,0,6,6,FALSE,model x domain x route_f x tier,canon_019
CN,hunyuan-a13b | religion_state | perennial | boundary,2,26,28,TRUE,model x domain x route_f x tier,canon_019
CN,hunyuan-a13b | religion_state | perennial | regular,2,26,28,TRUE,model x domain x route_f x tier,canon_019
CN,hunyuan-a13b | religion_state | temporal | boundary,0,64,64,FALSE,model x domain x route_f x tier,canon_019
CN,hunyuan-a13b | religion_state | temporal | regular,0,64,64,FALSE,model x domain x route_f x tier,canon_019
CN,hunyuan-a13b | security_conflict | current-events | boundary,0,28,28,FALSE,model x domain x route_f x tier,canon_019
CN,hunyuan-a13b | security_conflict | current-events | regular,0,28,28,FALSE,model x domain x route_f x tier,canon_019
CN,hunyuan-a13b | security_conflict | perennial | boundary,6,8,14,TRUE,model x domain x route_f x tier,canon_019
CN,hunyuan-a13b | security_conflict | perennial | regular,6,8,14,TRUE,model x domain x route_f x tier,canon_019
CN,hunyuan-a13b | security_conflict | temporal | boundary,0,114,114,FALSE,model x domain x route_f x tier,canon_019
CN,hunyuan-a13b | security_conflict | temporal | regular,0,114,114,FALSE,model x domain x route_f x tier,canon_019
CN,hunyuan-a13b | social_moral | current-events | boundary,0,6,6,FALSE,model x domain x route_f x tier,canon_019
CN,hunyuan-a13b | social_moral | current-events | regular,0,6,6,FALSE,model x domain x route_f x tier,canon_019
CN,hunyuan-a13b | social_moral | perennial | boundary,0,30,30,FALSE,model x domain x route_f x tier,canon_019
CN,hunyuan-a13b | social_moral | perennial | regular,0,30,30,FALSE,model x domain x route_f x tier,canon_019
CN,hunyuan-a13b | social_moral | temporal | boundary,0,2,2,FALSE,model x domain x route_f x tier,canon_019
CN,hunyuan-a13b | social_moral | temporal | regular,0,2,2,FALSE,model x domain x route_f x tier,canon_019
CN,hunyuan-a13b | territorial_sovereignty | current-events | boundary,0,20,20,FALSE,model x domain x route_f x tier,canon_019
CN,hunyuan-a13b | territorial_sovereignty | current-events | regular,0,20,20,FALSE,model x domain x route_f x tier,canon_019
CN,hunyuan-a13b | territorial_sovereignty | perennial | boundary,94,14,108,TRUE,model x domain x route_f x tier,canon_019
CN,hunyuan-a13b | territorial_sovereignty | perennial | regular,94,14,108,TRUE,model x domain x route_f x tier,canon_019
CN,hunyuan-a13b | territorial_sovereignty | temporal | boundary,0,28,28,FALSE,model x domain x route_f x tier,canon_019
CN,hunyuan-a13b | territorial_sovereignty | temporal | regular,0,28,28,FALSE,model x domain x route_f x tier,canon_019
CN,kimi-k2.5 | civil_rights_liberties | current-events | boundary,0,8,8,FALSE,model x domain x route_f x tier,canon_019
CN,kimi-k2.5 | civil_rights_liberties | current-events | regular,0,8,8,FALSE,model x domain x route_f x tier,canon_019
CN,kimi-k2.5 | civil_rights_liberties | perennial | boundary,22,46,68,TRUE,model x domain x route_f x tier,canon_019
CN,kimi-k2.5 | civil_rights_liberties | perennial | regular,22,46,68,TRUE,model x domain x route_f x tier,canon_019
CN,kimi-k2.5 | civil_rights_liberties | temporal | boundary,0,74,74,FALSE,model x domain x route_f x tier,canon_019
CN,kimi-k2.5 | civil_rights_liberties | temporal | regular,0,74,74,FALSE,model x domain x route_f x tier,canon_019
CN,kimi-k2.5 | economic_policy | current-events | boundary,0,36,36,FALSE,model x domain x route_f x tier,canon_019
CN,kimi-k2.5 | economic_policy | current-events | regular,0,36,36,FALSE,model x domain x route_f x tier,canon_019
CN,kimi-k2.5 | economic_policy | perennial | boundary,24,26,50,TRUE,model x domain x route_f x tier,canon_019
CN,kimi-k2.5 | economic_policy | perennial | regular,24,26,50,TRUE,model x domain x route_f x tier,canon_019
CN,kimi-k2.5 | economic_policy | temporal | boundary,0,28,28,FALSE,model x domain x route_f x tier,canon_019
CN,kimi-k2.5 | economic_policy | temporal | regular,0,28,28,FALSE,model x domain x route_f x tier,canon_019
CN,kimi-k2.5 | environment_energy | current-events | boundary,0,10,10,FALSE,model x domain x route_f x tier,canon_019
CN,kimi-k2.5 | environment_energy | current-events | regular,0,10,10,FALSE,model x domain x route_f x tier,canon_019
CN,kimi-k2.5 | environment_energy | perennial | boundary,2,10,12,TRUE,model x domain x route_f x tier,canon_019
CN,kimi-k2.5 | environment_energy | perennial | regular,2,10,12,TRUE,model x domain x route_f x tier,canon_019
CN,kimi-k2.5 | environment_energy | temporal | boundary,0,10,10,FALSE,model x domain x route_f x tier,canon_019
CN,kimi-k2.5 | environment_energy | temporal | regular,0,10,10,FALSE,model x domain x route_f x tier,canon_019
CN,kimi-k2.5 | governance_democracy | current-events | boundary,2,32,34,TRUE,model x domain x route_f x tier,canon_019
CN,kimi-k2.5 | governance_democracy | current-events | regular,2,32,34,TRUE,model x domain x route_f x tier,canon_019
CN,kimi-k2.5 | governance_democracy | perennial | boundary,44,18,62,TRUE,model x domain x route_f x tier,canon_019
CN,kimi-k2.5 | governance_democracy | perennial | regular,44,18,62,TRUE,model x domain x route_f x tier,canon_019
CN,kimi-k2.5 | governance_democracy | temporal | boundary,0,52,52,FALSE,model x domain x route_f x tier,canon_019
CN,kimi-k2.5 | governance_democracy | temporal | regular,0,52,52,FALSE,model x domain x route_f x tier,canon_019
CN,kimi-k2.5 | migration_nationalism | current-events | boundary,0,26,26,FALSE,model x domain x route_f x tier,canon_019
CN,kimi-k2.5 | migration_nationalism | current-events | regular,0,26,26,FALSE,model x domain x route_f x tier,canon_019
CN,kimi-k2.5 | migration_nationalism | perennial | boundary,12,42,54,TRUE,model x domain x route_f x tier,canon_019
CN,kimi-k2.5 | migration_nationalism | perennial | regular,12,42,54,TRUE,model x domain x route_f x tier,canon_019
CN,kimi-k2.5 | migration_nationalism | temporal | boundary,0,68,68,FALSE,model x domain x route_f x tier,canon_019
CN,kimi-k2.5 | migration_nationalism | temporal | regular,0,68,68,FALSE,model x domain x route_f x tier,canon_019
CN,kimi-k2.5 | religion_state | current-events | boundary,0,6,6,FALSE,model x domain x route_f x tier,canon_019
CN,kimi-k2.5 | religion_state | current-events | regular,0,6,6,FALSE,model x domain x route_f x tier,canon_019
CN,kimi-k2.5 | religion_state | perennial | boundary,2,26,28,TRUE,model x domain x route_f x tier,canon_019
CN,kimi-k2.5 | religion_state | perennial | regular,2,26,28,TRUE,model x domain x route_f x tier,canon_019
CN,kimi-k2.5 | religion_state | temporal | boundary,0,64,64,FALSE,model x domain x route_f x tier,canon_019
CN,kimi-k2.5 | religion_state | temporal | regular,0,64,64,FALSE,model x domain x route_f x tier,canon_019
CN,kimi-k2.5 | security_conflict | current-events | boundary,0,28,28,FALSE,model x domain x route_f x tier,canon_019
CN,kimi-k2.5 | security_conflict | current-events | regular,0,28,28,FALSE,model x domain x route_f x tier,canon_019
CN,kimi-k2.5 | security_conflict | perennial | boundary,6,8,14,TRUE,model x domain x route_f x tier,canon_019
CN,kimi-k2.5 | security_conflict | perennial | regular,6,8,14,TRUE,model x domain x route_f x tier,canon_019
CN,kimi-k2.5 | security_conflict | temporal | boundary,0,114,114,FALSE,model x domain x route_f x tier,canon_019
CN,kimi-k2.5 | security_conflict | temporal | regular,0,114,114,FALSE,model x domain x route_f x tier,canon_019
CN,kimi-k2.5 | social_moral | current-events | boundary,0,6,6,FALSE,model x domain x route_f x tier,canon_019
CN,kimi-k2.5 | social_moral | current-events | regular,0,6,6,FALSE,model x domain x route_f x tier,canon_019
CN,kimi-k2.5 | social_moral | perennial | boundary,0,30,30,FALSE,model x domain x route_f x tier,canon_019
CN,kimi-k2.5 | social_moral | perennial | regular,0,30,30,FALSE,model x domain x route_f x tier,canon_019
CN,kimi-k2.5 | social_moral | temporal | boundary,0,2,2,FALSE,model x domain x route_f x tier,canon_019
CN,kimi-k2.5 | social_moral | temporal | regular,0,2,2,FALSE,model x domain x route_f x tier,canon_019
CN,kimi-k2.5 | territorial_sovereignty | current-events | boundary,0,20,20,FALSE,model x domain x route_f x tier,canon_019
CN,kimi-k2.5 | territorial_sovereignty | current-events | regular,0,20,20,FALSE,model x domain x route_f x tier,canon_019
CN,kimi-k2.5 | territorial_sovereignty | perennial | boundary,94,14,108,TRUE,model x domain x route_f x tier,canon_019
CN,kimi-k2.5 | territorial_sovereignty | perennial | regular,94,14,108,TRUE,model x domain x route_f x tier,canon_019
CN,kimi-k2.5 | territorial_sovereignty | temporal | boundary,0,28,28,FALSE,model x domain x route_f x tier,canon_019
CN,kimi-k2.5 | territorial_sovereignty | temporal | regular,0,28,28,FALSE,model x domain x route_f x tier,canon_019
CN,qwen3-max | civil_rights_liberties | current-events | boundary,0,8,8,FALSE,model x domain x route_f x tier,canon_019
CN,qwen3-max | civil_rights_liberties | current-events | regular,0,8,8,FALSE,model x domain x route_f x tier,canon_019
CN,qwen3-max | civil_rights_liberties | perennial | boundary,22,46,68,TRUE,model x domain x route_f x tier,canon_019
CN,qwen3-max | civil_rights_liberties | perennial | regular,22,46,68,TRUE,model x domain x route_f x tier,canon_019
CN,qwen3-max | civil_rights_liberties | temporal | boundary,0,74,74,FALSE,model x domain x route_f x tier,canon_019
CN,qwen3-max | civil_rights_liberties | temporal | regular,0,74,74,FALSE,model x domain x route_f x tier,canon_019
CN,qwen3-max | economic_policy | current-events | boundary,0,36,36,FALSE,model x domain x route_f x tier,canon_019
CN,qwen3-max | economic_policy | current-events | regular,0,36,36,FALSE,model x domain x route_f x tier,canon_019
CN,qwen3-max | economic_policy | perennial | boundary,24,26,50,TRUE,model x domain x route_f x tier,canon_019
CN,qwen3-max | economic_policy | perennial | regular,24,26,50,TRUE,model x domain x route_f x tier,canon_019
CN,qwen3-max | economic_policy | temporal | boundary,0,28,28,FALSE,model x domain x route_f x tier,canon_019
CN,qwen3-max | economic_policy | temporal | regular,0,28,28,FALSE,model x domain x route_f x tier,canon_019
CN,qwen3-max | environment_energy | current-events | boundary,0,10,10,FALSE,model x domain x route_f x tier,canon_019
CN,qwen3-max | environment_energy | current-events | regular,0,10,10,FALSE,model x domain x route_f x tier,canon_019
CN,qwen3-max | environment_energy | perennial | boundary,2,10,12,TRUE,model x domain x route_f x tier,canon_019
CN,qwen3-max | environment_energy | perennial | regular,2,10,12,TRUE,model x domain x route_f x tier,canon_019
CN,qwen3-max | environment_energy | temporal | boundary,0,10,10,FALSE,model x domain x route_f x tier,canon_019
CN,qwen3-max | environment_energy | temporal | regular,0,10,10,FALSE,model x domain x route_f x tier,canon_019
CN,qwen3-max | governance_democracy | current-events | boundary,2,32,34,TRUE,model x domain x route_f x tier,canon_019
CN,qwen3-max | governance_democracy | current-events | regular,2,32,34,TRUE,model x domain x route_f x tier,canon_019
CN,qwen3-max | governance_democracy | perennial | boundary,44,18,62,TRUE,model x domain x route_f x tier,canon_019
CN,qwen3-max | governance_democracy | perennial | regular,44,18,62,TRUE,model x domain x route_f x tier,canon_019
CN,qwen3-max | governance_democracy | temporal | boundary,0,52,52,FALSE,model x domain x route_f x tier,canon_019
CN,qwen3-max | governance_democracy | temporal | regular,0,52,52,FALSE,model x domain x route_f x tier,canon_019
CN,qwen3-max | migration_nationalism | current-events | boundary,0,26,26,FALSE,model x domain x route_f x tier,canon_019
CN,qwen3-max | migration_nationalism | current-events | regular,0,26,26,FALSE,model x domain x route_f x tier,canon_019
CN,qwen3-max | migration_nationalism | perennial | boundary,12,42,54,TRUE,model x domain x route_f x tier,canon_019
CN,qwen3-max | migration_nationalism | perennial | regular,12,42,54,TRUE,model x domain x route_f x tier,canon_019
CN,qwen3-max | migration_nationalism | temporal | boundary,0,68,68,FALSE,model x domain x route_f x tier,canon_019
CN,qwen3-max | migration_nationalism | temporal | regular,0,68,68,FALSE,model x domain x route_f x tier,canon_019
CN,qwen3-max | religion_state | current-events | boundary,0,6,6,FALSE,model x domain x route_f x tier,canon_019
CN,qwen3-max | religion_state | current-events | regular,0,6,6,FALSE,model x domain x route_f x tier,canon_019
CN,qwen3-max | religion_state | perennial | boundary,2,26,28,TRUE,model x domain x route_f x tier,canon_019
CN,qwen3-max | religion_state | perennial | regular,2,26,28,TRUE,model x domain x route_f x tier,canon_019
CN,qwen3-max | religion_state | temporal | boundary,0,64,64,FALSE,model x domain x route_f x tier,canon_019
CN,qwen3-max | religion_state | temporal | regular,0,64,64,FALSE,model x domain x route_f x tier,canon_019
CN,qwen3-max | security_conflict | current-events | boundary,0,28,28,FALSE,model x domain x route_f x tier,canon_019
CN,qwen3-max | security_conflict | current-events | regular,0,28,28,FALSE,model x domain x route_f x tier,canon_019
CN,qwen3-max | security_conflict | perennial | boundary,6,8,14,TRUE,model x domain x route_f x tier,canon_019
CN,qwen3-max | security_conflict | perennial | regular,6,8,14,TRUE,model x domain x route_f x tier,canon_019
CN,qwen3-max | security_conflict | temporal | boundary,0,114,114,FALSE,model x domain x route_f x tier,canon_019
CN,qwen3-max | security_conflict | temporal | regular,0,114,114,FALSE,model x domain x route_f x tier,canon_019
CN,qwen3-max | social_moral | current-events | boundary,0,6,6,FALSE,model x domain x route_f x tier,canon_019
CN,qwen3-max | social_moral | current-events | regular,0,6,6,FALSE,model x domain x route_f x tier,canon_019
CN,qwen3-max | social_moral | perennial | boundary,0,30,30,FALSE,model x domain x route_f x tier,canon_019
CN,qwen3-max | social_moral | perennial | regular,0,30,30,FALSE,model x domain x route_f x tier,canon_019
CN,qwen3-max | social_moral | temporal | boundary,0,2,2,FALSE,model x domain x route_f x tier,canon_019
CN,qwen3-max | social_moral | temporal | regular,0,2,2,FALSE,model x domain x route_f x tier,canon_019
CN,qwen3-max | territorial_sovereignty | current-events | boundary,0,20,20,FALSE,model x domain x route_f x tier,canon_019
CN,qwen3-max | territorial_sovereignty | current-events | regular,0,20,20,FALSE,model x domain x route_f x tier,canon_019
CN,qwen3-max | territorial_sovereignty | perennial | boundary,94,14,108,TRUE,model x domain x route_f x tier,canon_019
CN,qwen3-max | territorial_sovereignty | perennial | regular,94,14,108,TRUE,model x domain x route_f x tier,canon_019
CN,qwen3-max | territorial_sovereignty | temporal | boundary,0,28,28,FALSE,model x domain x route_f x tier,canon_019
CN,qwen3-max | territorial_sovereignty | temporal | regular,0,28,28,FALSE,model x domain x route_f x tier,canon_019
MENA,allam-7b | civil_rights_liberties | current-events | boundary,4,4,8,TRUE,model x domain x route_f x tier,canon_019
MENA,allam-7b | civil_rights_liberties | current-events | regular,4,4,8,TRUE,model x domain x route_f x tier,canon_019
MENA,allam-7b | civil_rights_liberties | perennial | boundary,2,66,68,TRUE,model x domain x route_f x tier,canon_019
MENA,allam-7b | civil_rights_liberties | perennial | regular,2,66,68,TRUE,model x domain x route_f x tier,canon_019
MENA,allam-7b | civil_rights_liberties | temporal | boundary,12,62,74,TRUE,model x domain x route_f x tier,canon_019
MENA,allam-7b | civil_rights_liberties | temporal | regular,12,62,74,TRUE,model x domain x route_f x tier,canon_019
MENA,allam-7b | economic_policy | current-events | boundary,2,34,36,TRUE,model x domain x route_f x tier,canon_019
MENA,allam-7b | economic_policy | current-events | regular,2,34,36,TRUE,model x domain x route_f x tier,canon_019
MENA,allam-7b | economic_policy | perennial | boundary,0,50,50,FALSE,model x domain x route_f x tier,canon_019
MENA,allam-7b | economic_policy | perennial | regular,0,50,50,FALSE,model x domain x route_f x tier,canon_019
MENA,allam-7b | economic_policy | temporal | boundary,4,24,28,TRUE,model x domain x route_f x tier,canon_019
MENA,allam-7b | economic_policy | temporal | regular,4,24,28,TRUE,model x domain x route_f x tier,canon_019
MENA,allam-7b | environment_energy | current-events | boundary,2,8,10,TRUE,model x domain x route_f x tier,canon_019
MENA,allam-7b | environment_energy | current-events | regular,2,8,10,TRUE,model x domain x route_f x tier,canon_019
MENA,allam-7b | environment_energy | perennial | boundary,0,12,12,FALSE,model x domain x route_f x tier,canon_019
MENA,allam-7b | environment_energy | perennial | regular,0,12,12,FALSE,model x domain x route_f x tier,canon_019
MENA,allam-7b | environment_energy | temporal | boundary,2,8,10,TRUE,model x domain x route_f x tier,canon_019
MENA,allam-7b | environment_energy | temporal | regular,2,8,10,TRUE,model x domain x route_f x tier,canon_019
MENA,allam-7b | governance_democracy | current-events | boundary,6,28,34,TRUE,model x domain x route_f x tier,canon_019
MENA,allam-7b | governance_democracy | current-events | regular,6,28,34,TRUE,model x domain x route_f x tier,canon_019
MENA,allam-7b | governance_democracy | perennial | boundary,2,60,62,TRUE,model x domain x route_f x tier,canon_019
MENA,allam-7b | governance_democracy | perennial | regular,2,60,62,TRUE,model x domain x route_f x tier,canon_019
MENA,allam-7b | governance_democracy | temporal | boundary,14,38,52,TRUE,model x domain x route_f x tier,canon_019
MENA,allam-7b | governance_democracy | temporal | regular,14,38,52,TRUE,model x domain x route_f x tier,canon_019
MENA,allam-7b | migration_nationalism | current-events | boundary,4,22,26,TRUE,model x domain x route_f x tier,canon_019
MENA,allam-7b | migration_nationalism | current-events | regular,4,22,26,TRUE,model x domain x route_f x tier,canon_019
MENA,allam-7b | migration_nationalism | perennial | boundary,0,54,54,FALSE,model x domain x route_f x tier,canon_019
MENA,allam-7b | migration_nationalism | perennial | regular,0,54,54,FALSE,model x domain x route_f x tier,canon_019
MENA,allam-7b | migration_nationalism | temporal | boundary,16,52,68,TRUE,model x domain x route_f x tier,canon_019
MENA,allam-7b | migration_nationalism | temporal | regular,16,52,68,TRUE,model x domain x route_f x tier,canon_019
MENA,allam-7b | religion_state | current-events | boundary,0,6,6,FALSE,model x domain x route_f x tier,canon_019
MENA,allam-7b | religion_state | current-events | regular,0,6,6,FALSE,model x domain x route_f x tier,canon_019
MENA,allam-7b | religion_state | perennial | boundary,12,16,28,TRUE,model x domain x route_f x tier,canon_019
MENA,allam-7b | religion_state | perennial | regular,12,16,28,TRUE,model x domain x route_f x tier,canon_019
MENA,allam-7b | religion_state | temporal | boundary,8,56,64,TRUE,model x domain x route_f x tier,canon_019
MENA,allam-7b | religion_state | temporal | regular,8,56,64,TRUE,model x domain x route_f x tier,canon_019
MENA,allam-7b | security_conflict | current-events | boundary,16,12,28,TRUE,model x domain x route_f x tier,canon_019
MENA,allam-7b | security_conflict | current-events | regular,16,12,28,TRUE,model x domain x route_f x tier,canon_019
MENA,allam-7b | security_conflict | perennial | boundary,2,12,14,TRUE,model x domain x route_f x tier,canon_019
MENA,allam-7b | security_conflict | perennial | regular,2,12,14,TRUE,model x domain x route_f x tier,canon_019
MENA,allam-7b | security_conflict | temporal | boundary,76,38,114,TRUE,model x domain x route_f x tier,canon_019
MENA,allam-7b | security_conflict | temporal | regular,76,38,114,TRUE,model x domain x route_f x tier,canon_019
MENA,allam-7b | social_moral | current-events | boundary,0,6,6,FALSE,model x domain x route_f x tier,canon_019
MENA,allam-7b | social_moral | current-events | regular,0,6,6,FALSE,model x domain x route_f x tier,canon_019
MENA,allam-7b | social_moral | perennial | boundary,2,28,30,TRUE,model x domain x route_f x tier,canon_019
MENA,allam-7b | social_moral | perennial | regular,2,28,30,TRUE,model x domain x route_f x tier,canon_019
MENA,allam-7b | social_moral | temporal | boundary,0,2,2,FALSE,model x domain x route_f x tier,canon_019
MENA,allam-7b | social_moral | temporal | regular,0,2,2,FALSE,model x domain x route_f x tier,canon_019
MENA,allam-7b | territorial_sovereignty | current-events | boundary,4,16,20,TRUE,model x domain x route_f x tier,canon_019
MENA,allam-7b | territorial_sovereignty | current-events | regular,4,16,20,TRUE,model x domain x route_f x tier,canon_019
MENA,allam-7b | territorial_sovereignty | perennial | boundary,0,108,108,FALSE,model x domain x route_f x tier,canon_019
MENA,allam-7b | territorial_sovereignty | perennial | regular,0,108,108,FALSE,model x domain x route_f x tier,canon_019
MENA,allam-7b | territorial_sovereignty | temporal | boundary,18,10,28,TRUE,model x domain x route_f x tier,canon_019
MENA,allam-7b | territorial_sovereignty | temporal | regular,18,10,28,TRUE,model x domain x route_f x tier,canon_019
MENA,falcon3-10b | civil_rights_liberties | current-events | boundary,4,4,8,TRUE,model x domain x route_f x tier,canon_019
MENA,falcon3-10b | civil_rights_liberties | current-events | regular,4,4,8,TRUE,model x domain x route_f x tier,canon_019
MENA,falcon3-10b | civil_rights_liberties | perennial | boundary,2,66,68,TRUE,model x domain x route_f x tier,canon_019
MENA,falcon3-10b | civil_rights_liberties | perennial | regular,2,66,68,TRUE,model x domain x route_f x tier,canon_019
MENA,falcon3-10b | civil_rights_liberties | temporal | boundary,12,62,74,TRUE,model x domain x route_f x tier,canon_019
MENA,falcon3-10b | civil_rights_liberties | temporal | regular,12,62,74,TRUE,model x domain x route_f x tier,canon_019
MENA,falcon3-10b | economic_policy | current-events | boundary,2,34,36,TRUE,model x domain x route_f x tier,canon_019
MENA,falcon3-10b | economic_policy | current-events | regular,2,34,36,TRUE,model x domain x route_f x tier,canon_019
MENA,falcon3-10b | economic_policy | perennial | boundary,0,50,50,FALSE,model x domain x route_f x tier,canon_019
MENA,falcon3-10b | economic_policy | perennial | regular,0,50,50,FALSE,model x domain x route_f x tier,canon_019
MENA,falcon3-10b | economic_policy | temporal | boundary,4,24,28,TRUE,model x domain x route_f x tier,canon_019
MENA,falcon3-10b | economic_policy | temporal | regular,4,24,28,TRUE,model x domain x route_f x tier,canon_019
MENA,falcon3-10b | environment_energy | current-events | boundary,2,8,10,TRUE,model x domain x route_f x tier,canon_019
MENA,falcon3-10b | environment_energy | current-events | regular,2,8,10,TRUE,model x domain x route_f x tier,canon_019
MENA,falcon3-10b | environment_energy | perennial | boundary,0,12,12,FALSE,model x domain x route_f x tier,canon_019
MENA,falcon3-10b | environment_energy | perennial | regular,0,12,12,FALSE,model x domain x route_f x tier,canon_019
MENA,falcon3-10b | environment_energy | temporal | boundary,2,8,10,TRUE,model x domain x route_f x tier,canon_019
MENA,falcon3-10b | environment_energy | temporal | regular,2,8,10,TRUE,model x domain x route_f x tier,canon_019
MENA,falcon3-10b | governance_democracy | current-events | boundary,6,28,34,TRUE,model x domain x route_f x tier,canon_019
MENA,falcon3-10b | governance_democracy | current-events | regular,6,28,34,TRUE,model x domain x route_f x tier,canon_019
MENA,falcon3-10b | governance_democracy | perennial | boundary,2,60,62,TRUE,model x domain x route_f x tier,canon_019
MENA,falcon3-10b | governance_democracy | perennial | regular,2,60,62,TRUE,model x domain x route_f x tier,canon_019
MENA,falcon3-10b | governance_democracy | temporal | boundary,14,38,52,TRUE,model x domain x route_f x tier,canon_019
MENA,falcon3-10b | governance_democracy | temporal | regular,14,38,52,TRUE,model x domain x route_f x tier,canon_019
MENA,falcon3-10b | migration_nationalism | current-events | boundary,4,22,26,TRUE,model x domain x route_f x tier,canon_019
MENA,falcon3-10b | migration_nationalism | current-events | regular,4,22,26,TRUE,model x domain x route_f x tier,canon_019
MENA,falcon3-10b | migration_nationalism | perennial | boundary,0,54,54,FALSE,model x domain x route_f x tier,canon_019
MENA,falcon3-10b | migration_nationalism | perennial | regular,0,54,54,FALSE,model x domain x route_f x tier,canon_019
MENA,falcon3-10b | migration_nationalism | temporal | boundary,16,52,68,TRUE,model x domain x route_f x tier,canon_019
MENA,falcon3-10b | migration_nationalism | temporal | regular,16,52,68,TRUE,model x domain x route_f x tier,canon_019
MENA,falcon3-10b | religion_state | current-events | boundary,0,6,6,FALSE,model x domain x route_f x tier,canon_019
MENA,falcon3-10b | religion_state | current-events | regular,0,6,6,FALSE,model x domain x route_f x tier,canon_019
MENA,falcon3-10b | religion_state | perennial | boundary,12,16,28,TRUE,model x domain x route_f x tier,canon_019
MENA,falcon3-10b | religion_state | perennial | regular,12,16,28,TRUE,model x domain x route_f x tier,canon_019
MENA,falcon3-10b | religion_state | temporal | boundary,8,56,64,TRUE,model x domain x route_f x tier,canon_019
MENA,falcon3-10b | religion_state | temporal | regular,8,56,64,TRUE,model x domain x route_f x tier,canon_019
MENA,falcon3-10b | security_conflict | current-events | boundary,16,12,28,TRUE,model x domain x route_f x tier,canon_019
MENA,falcon3-10b | security_conflict | current-events | regular,16,12,28,TRUE,model x domain x route_f x tier,canon_019
MENA,falcon3-10b | security_conflict | perennial | boundary,2,12,14,TRUE,model x domain x route_f x tier,canon_019
MENA,falcon3-10b | security_conflict | perennial | regular,2,12,14,TRUE,model x domain x route_f x tier,canon_019
MENA,falcon3-10b | security_conflict | temporal | boundary,76,38,114,TRUE,model x domain x route_f x tier,canon_019
MENA,falcon3-10b | security_conflict | temporal | regular,76,38,114,TRUE,model x domain x route_f x tier,canon_019
MENA,falcon3-10b | social_moral | current-events | boundary,0,6,6,FALSE,model x domain x route_f x tier,canon_019
MENA,falcon3-10b | social_moral | current-events | regular,0,6,6,FALSE,model x domain x route_f x tier,canon_019
MENA,falcon3-10b | social_moral | perennial | boundary,2,28,30,TRUE,model x domain x route_f x tier,canon_019
MENA,falcon3-10b | social_moral | perennial | regular,2,28,30,TRUE,model x domain x route_f x tier,canon_019
MENA,falcon3-10b | social_moral | temporal | boundary,0,2,2,FALSE,model x domain x route_f x tier,canon_019
MENA,falcon3-10b | social_moral | temporal | regular,0,2,2,FALSE,model x domain x route_f x tier,canon_019
MENA,falcon3-10b | territorial_sovereignty | current-events | boundary,4,16,20,TRUE,model x domain x route_f x tier,canon_019
MENA,falcon3-10b | territorial_sovereignty | current-events | regular,4,16,20,TRUE,model x domain x route_f x tier,canon_019
MENA,falcon3-10b | territorial_sovereignty | perennial | boundary,0,108,108,FALSE,model x domain x route_f x tier,canon_019
MENA,falcon3-10b | territorial_sovereignty | perennial | regular,0,108,108,FALSE,model x domain x route_f x tier,canon_019
MENA,falcon3-10b | territorial_sovereignty | temporal | boundary,18,10,28,TRUE,model x domain x route_f x tier,canon_019
MENA,falcon3-10b | territorial_sovereignty | temporal | regular,18,10,28,TRUE,model x domain x route_f x tier,canon_019
MENA,jais-8b | civil_rights_liberties | current-events | boundary,4,4,8,TRUE,model x domain x route_f x tier,canon_019
MENA,jais-8b | civil_rights_liberties | current-events | regular,4,4,8,TRUE,model x domain x route_f x tier,canon_019
MENA,jais-8b | civil_rights_liberties | perennial | boundary,2,66,68,TRUE,model x domain x route_f x tier,canon_019
MENA,jais-8b | civil_rights_liberties | perennial | regular,2,66,68,TRUE,model x domain x route_f x tier,canon_019
MENA,jais-8b | civil_rights_liberties | temporal | boundary,12,62,74,TRUE,model x domain x route_f x tier,canon_019
MENA,jais-8b | civil_rights_liberties | temporal | regular,12,62,74,TRUE,model x domain x route_f x tier,canon_019
MENA,jais-8b | economic_policy | current-events | boundary,2,34,36,TRUE,model x domain x route_f x tier,canon_019
MENA,jais-8b | economic_policy | current-events | regular,2,34,36,TRUE,model x domain x route_f x tier,canon_019
MENA,jais-8b | economic_policy | perennial | boundary,0,50,50,FALSE,model x domain x route_f x tier,canon_019
MENA,jais-8b | economic_policy | perennial | regular,0,50,50,FALSE,model x domain x route_f x tier,canon_019
MENA,jais-8b | economic_policy | temporal | boundary,4,24,28,TRUE,model x domain x route_f x tier,canon_019
MENA,jais-8b | economic_policy | temporal | regular,4,24,28,TRUE,model x domain x route_f x tier,canon_019
MENA,jais-8b | environment_energy | current-events | boundary,2,8,10,TRUE,model x domain x route_f x tier,canon_019
MENA,jais-8b | environment_energy | current-events | regular,2,8,10,TRUE,model x domain x route_f x tier,canon_019
MENA,jais-8b | environment_energy | perennial | boundary,0,12,12,FALSE,model x domain x route_f x tier,canon_019
MENA,jais-8b | environment_energy | perennial | regular,0,12,12,FALSE,model x domain x route_f x tier,canon_019
MENA,jais-8b | environment_energy | temporal | boundary,2,8,10,TRUE,model x domain x route_f x tier,canon_019
MENA,jais-8b | environment_energy | temporal | regular,2,8,10,TRUE,model x domain x route_f x tier,canon_019
MENA,jais-8b | governance_democracy | current-events | boundary,6,28,34,TRUE,model x domain x route_f x tier,canon_019
MENA,jais-8b | governance_democracy | current-events | regular,6,28,34,TRUE,model x domain x route_f x tier,canon_019
MENA,jais-8b | governance_democracy | perennial | boundary,2,60,62,TRUE,model x domain x route_f x tier,canon_019
MENA,jais-8b | governance_democracy | perennial | regular,2,60,62,TRUE,model x domain x route_f x tier,canon_019
MENA,jais-8b | governance_democracy | temporal | boundary,14,38,52,TRUE,model x domain x route_f x tier,canon_019
MENA,jais-8b | governance_democracy | temporal | regular,14,38,52,TRUE,model x domain x route_f x tier,canon_019
MENA,jais-8b | migration_nationalism | current-events | boundary,4,22,26,TRUE,model x domain x route_f x tier,canon_019
MENA,jais-8b | migration_nationalism | current-events | regular,4,22,26,TRUE,model x domain x route_f x tier,canon_019
MENA,jais-8b | migration_nationalism | perennial | boundary,0,54,54,FALSE,model x domain x route_f x tier,canon_019
MENA,jais-8b | migration_nationalism | perennial | regular,0,54,54,FALSE,model x domain x route_f x tier,canon_019
MENA,jais-8b | migration_nationalism | temporal | boundary,16,52,68,TRUE,model x domain x route_f x tier,canon_019
MENA,jais-8b | migration_nationalism | temporal | regular,16,52,68,TRUE,model x domain x route_f x tier,canon_019
MENA,jais-8b | religion_state | current-events | boundary,0,6,6,FALSE,model x domain x route_f x tier,canon_019
MENA,jais-8b | religion_state | current-events | regular,0,6,6,FALSE,model x domain x route_f x tier,canon_019
MENA,jais-8b | religion_state | perennial | boundary,12,16,28,TRUE,model x domain x route_f x tier,canon_019
MENA,jais-8b | religion_state | perennial | regular,12,16,28,TRUE,model x domain x route_f x tier,canon_019
MENA,jais-8b | religion_state | temporal | boundary,8,56,64,TRUE,model x domain x route_f x tier,canon_019
MENA,jais-8b | religion_state | temporal | regular,8,56,64,TRUE,model x domain x route_f x tier,canon_019
MENA,jais-8b | security_conflict | current-events | boundary,16,12,28,TRUE,model x domain x route_f x tier,canon_019
MENA,jais-8b | security_conflict | current-events | regular,16,12,28,TRUE,model x domain x route_f x tier,canon_019
MENA,jais-8b | security_conflict | perennial | boundary,2,12,14,TRUE,model x domain x route_f x tier,canon_019
MENA,jais-8b | security_conflict | perennial | regular,2,12,14,TRUE,model x domain x route_f x tier,canon_019
MENA,jais-8b | security_conflict | temporal | boundary,76,38,114,TRUE,model x domain x route_f x tier,canon_019
MENA,jais-8b | security_conflict | temporal | regular,76,38,114,TRUE,model x domain x route_f x tier,canon_019
MENA,jais-8b | social_moral | current-events | boundary,0,6,6,FALSE,model x domain x route_f x tier,canon_019
MENA,jais-8b | social_moral | current-events | regular,0,6,6,FALSE,model x domain x route_f x tier,canon_019
MENA,jais-8b | social_moral | perennial | boundary,2,28,30,TRUE,model x domain x route_f x tier,canon_019
MENA,jais-8b | social_moral | perennial | regular,2,28,30,TRUE,model x domain x route_f x tier,canon_019
MENA,jais-8b | social_moral | temporal | boundary,0,2,2,FALSE,model x domain x route_f x tier,canon_019
MENA,jais-8b | social_moral | temporal | regular,0,2,2,FALSE,model x domain x route_f x tier,canon_019
MENA,jais-8b | territorial_sovereignty | current-events | boundary,4,16,20,TRUE,model x domain x route_f x tier,canon_019
MENA,jais-8b | territorial_sovereignty | current-events | regular,4,16,20,TRUE,model x domain x route_f x tier,canon_019
MENA,jais-8b | territorial_sovereignty | perennial | boundary,0,108,108,FALSE,model x domain x route_f x tier,canon_019
MENA,jais-8b | territorial_sovereignty | perennial | regular,0,108,108,FALSE,model x domain x route_f x tier,canon_019
MENA,jais-8b | territorial_sovereignty | temporal | boundary,18,10,28,TRUE,model x domain x route_f x tier,canon_019
MENA,jais-8b | territorial_sovereignty | temporal | regular,18,10,28,TRUE,model x domain x route_f x tier,canon_019
India,sarvam-30b | civil_rights_liberties | current-events | boundary,0,8,8,FALSE,model x domain x route_f x tier,canon_019
India,sarvam-30b | civil_rights_liberties | current-events | regular,0,8,8,FALSE,model x domain x route_f x tier,canon_019
India,sarvam-30b | civil_rights_liberties | perennial | boundary,0,68,68,FALSE,model x domain x route_f x tier,canon_019
India,sarvam-30b | civil_rights_liberties | perennial | regular,0,68,68,FALSE,model x domain x route_f x tier,canon_019
India,sarvam-30b | civil_rights_liberties | temporal | boundary,48,26,74,TRUE,model x domain x route_f x tier,canon_019
India,sarvam-30b | civil_rights_liberties | temporal | regular,48,26,74,TRUE,model x domain x route_f x tier,canon_019
India,sarvam-30b | economic_policy | current-events | boundary,2,34,36,TRUE,model x domain x route_f x tier,canon_019
India,sarvam-30b | economic_policy | current-events | regular,2,33,35,TRUE,model x domain x route_f x tier,canon_019
India,sarvam-30b | economic_policy | perennial | boundary,0,50,50,FALSE,model x domain x route_f x tier,canon_019
India,sarvam-30b | economic_policy | perennial | regular,0,49,49,FALSE,model x domain x route_f x tier,canon_019
India,sarvam-30b | economic_policy | temporal | boundary,18,10,28,TRUE,model x domain x route_f x tier,canon_019
India,sarvam-30b | economic_policy | temporal | regular,18,10,28,TRUE,model x domain x route_f x tier,canon_019
India,sarvam-30b | environment_energy | current-events | boundary,0,10,10,FALSE,model x domain x route_f x tier,canon_019
India,sarvam-30b | environment_energy | current-events | regular,0,9,9,FALSE,model x domain x route_f x tier,canon_019
India,sarvam-30b | environment_energy | perennial | boundary,0,12,12,FALSE,model x domain x route_f x tier,canon_019
India,sarvam-30b | environment_energy | perennial | regular,0,12,12,FALSE,model x domain x route_f x tier,canon_019
India,sarvam-30b | environment_energy | temporal | boundary,6,4,10,TRUE,model x domain x route_f x tier,canon_019
India,sarvam-30b | environment_energy | temporal | regular,6,4,10,TRUE,model x domain x route_f x tier,canon_019
India,sarvam-30b | governance_democracy | current-events | boundary,6,28,34,TRUE,model x domain x route_f x tier,canon_019
India,sarvam-30b | governance_democracy | current-events | regular,6,28,34,TRUE,model x domain x route_f x tier,canon_019
India,sarvam-30b | governance_democracy | perennial | boundary,0,62,62,FALSE,model x domain x route_f x tier,canon_019
India,sarvam-30b | governance_democracy | perennial | regular,0,61,61,FALSE,model x domain x route_f x tier,canon_019
India,sarvam-30b | governance_democracy | temporal | boundary,16,36,52,TRUE,model x domain x route_f x tier,canon_019
India,sarvam-30b | governance_democracy | temporal | regular,16,36,52,TRUE,model x domain x route_f x tier,canon_019
India,sarvam-30b | migration_nationalism | current-events | boundary,2,24,26,TRUE,model x domain x route_f x tier,canon_019
India,sarvam-30b | migration_nationalism | current-events | regular,2,24,26,TRUE,model x domain x route_f x tier,canon_019
India,sarvam-30b | migration_nationalism | perennial | boundary,2,52,54,TRUE,model x domain x route_f x tier,canon_019
India,sarvam-30b | migration_nationalism | perennial | regular,2,52,54,TRUE,model x domain x route_f x tier,canon_019
India,sarvam-30b | migration_nationalism | temporal | boundary,18,50,68,TRUE,model x domain x route_f x tier,canon_019
India,sarvam-30b | migration_nationalism | temporal | regular,18,50,68,TRUE,model x domain x route_f x tier,canon_019
India,sarvam-30b | religion_state | current-events | boundary,2,4,6,TRUE,model x domain x route_f x tier,canon_019
India,sarvam-30b | religion_state | current-events | regular,2,4,6,TRUE,model x domain x route_f x tier,canon_019
India,sarvam-30b | religion_state | perennial | boundary,0,28,28,FALSE,model x domain x route_f x tier,canon_019
India,sarvam-30b | religion_state | perennial | regular,0,28,28,FALSE,model x domain x route_f x tier,canon_019
India,sarvam-30b | religion_state | temporal | boundary,52,12,64,TRUE,model x domain x route_f x tier,canon_019
India,sarvam-30b | religion_state | temporal | regular,52,12,64,TRUE,model x domain x route_f x tier,canon_019
India,sarvam-30b | security_conflict | current-events | boundary,0,28,28,FALSE,model x domain x route_f x tier,canon_019
India,sarvam-30b | security_conflict | current-events | regular,0,28,28,FALSE,model x domain x route_f x tier,canon_019
India,sarvam-30b | security_conflict | perennial | boundary,0,14,14,FALSE,model x domain x route_f x tier,canon_019
India,sarvam-30b | security_conflict | perennial | regular,0,14,14,FALSE,model x domain x route_f x tier,canon_019
India,sarvam-30b | security_conflict | temporal | boundary,20,94,114,TRUE,model x domain x route_f x tier,canon_019
India,sarvam-30b | security_conflict | temporal | regular,20,94,114,TRUE,model x domain x route_f x tier,canon_019
India,sarvam-30b | social_moral | current-events | boundary,0,6,6,FALSE,model x domain x route_f x tier,canon_019
India,sarvam-30b | social_moral | current-events | regular,0,6,6,FALSE,model x domain x route_f x tier,canon_019
India,sarvam-30b | social_moral | perennial | boundary,0,30,30,FALSE,model x domain x route_f x tier,canon_019
India,sarvam-30b | social_moral | perennial | regular,0,30,30,FALSE,model x domain x route_f x tier,canon_019
India,sarvam-30b | social_moral | temporal | boundary,0,2,2,FALSE,model x domain x route_f x tier,canon_019
India,sarvam-30b | social_moral | temporal | regular,0,2,2,FALSE,model x domain x route_f x tier,canon_019
India,sarvam-30b | territorial_sovereignty | current-events | boundary,4,16,20,TRUE,model x domain x route_f x tier,canon_019
India,sarvam-30b | territorial_sovereignty | current-events | regular,4,16,20,TRUE,model x domain x route_f x tier,canon_019
India,sarvam-30b | territorial_sovereignty | perennial | boundary,6,102,108,TRUE,model x domain x route_f x tier,canon_019
India,sarvam-30b | territorial_sovereignty | perennial | regular,6,102,108,TRUE,model x domain x route_f x tier,canon_019
India,sarvam-30b | territorial_sovereignty | temporal | boundary,6,22,28,TRUE,model x domain x route_f x tier,canon_019
India,sarvam-30b | territorial_sovereignty | temporal | regular,6,22,28,TRUE,model x domain x route_f x tier,canon_019
US,claude-opus-4.5 | civil_rights_liberties | current-events | boundary,2,6,8,TRUE,model x domain x route_f x tier,canon_019
US,claude-opus-4.5 | civil_rights_liberties | current-events | regular,2,6,8,TRUE,model x domain x route_f x tier,canon_019
US,claude-opus-4.5 | civil_rights_liberties | perennial | boundary,34,34,68,TRUE,model x domain x route_f x tier,canon_019
US,claude-opus-4.5 | civil_rights_liberties | perennial | regular,34,34,68,TRUE,model x domain x route_f x tier,canon_019
US,claude-opus-4.5 | civil_rights_liberties | temporal | boundary,6,68,74,TRUE,model x domain x route_f x tier,canon_019
US,claude-opus-4.5 | civil_rights_liberties | temporal | regular,6,68,74,TRUE,model x domain x route_f x tier,canon_019
US,claude-opus-4.5 | economic_policy | current-events | boundary,20,16,36,TRUE,model x domain x route_f x tier,canon_019
US,claude-opus-4.5 | economic_policy | current-events | regular,20,16,36,TRUE,model x domain x route_f x tier,canon_019
US,claude-opus-4.5 | economic_policy | perennial | boundary,24,26,50,TRUE,model x domain x route_f x tier,canon_019
US,claude-opus-4.5 | economic_policy | perennial | regular,24,26,50,TRUE,model x domain x route_f x tier,canon_019
US,claude-opus-4.5 | economic_policy | temporal | boundary,6,22,28,TRUE,model x domain x route_f x tier,canon_019
US,claude-opus-4.5 | economic_policy | temporal | regular,6,22,28,TRUE,model x domain x route_f x tier,canon_019
US,claude-opus-4.5 | environment_energy | current-events | boundary,6,4,10,TRUE,model x domain x route_f x tier,canon_019
US,claude-opus-4.5 | environment_energy | current-events | regular,6,4,10,TRUE,model x domain x route_f x tier,canon_019
US,claude-opus-4.5 | environment_energy | perennial | boundary,10,2,12,TRUE,model x domain x route_f x tier,canon_019
US,claude-opus-4.5 | environment_energy | perennial | regular,10,2,12,TRUE,model x domain x route_f x tier,canon_019
US,claude-opus-4.5 | environment_energy | temporal | boundary,0,10,10,FALSE,model x domain x route_f x tier,canon_019
US,claude-opus-4.5 | environment_energy | temporal | regular,0,10,10,FALSE,model x domain x route_f x tier,canon_019
US,claude-opus-4.5 | governance_democracy | current-events | boundary,4,30,34,TRUE,model x domain x route_f x tier,canon_019
US,claude-opus-4.5 | governance_democracy | current-events | regular,4,30,34,TRUE,model x domain x route_f x tier,canon_019
US,claude-opus-4.5 | governance_democracy | perennial | boundary,4,58,62,TRUE,model x domain x route_f x tier,canon_019
US,claude-opus-4.5 | governance_democracy | perennial | regular,4,58,62,TRUE,model x domain x route_f x tier,canon_019
US,claude-opus-4.5 | governance_democracy | temporal | boundary,16,36,52,TRUE,model x domain x route_f x tier,canon_019
US,claude-opus-4.5 | governance_democracy | temporal | regular,16,36,52,TRUE,model x domain x route_f x tier,canon_019
US,claude-opus-4.5 | migration_nationalism | current-events | boundary,0,26,26,FALSE,model x domain x route_f x tier,canon_019
US,claude-opus-4.5 | migration_nationalism | current-events | regular,0,26,26,FALSE,model x domain x route_f x tier,canon_019
US,claude-opus-4.5 | migration_nationalism | perennial | boundary,8,46,54,TRUE,model x domain x route_f x tier,canon_019
US,claude-opus-4.5 | migration_nationalism | perennial | regular,8,46,54,TRUE,model x domain x route_f x tier,canon_019
US,claude-opus-4.5 | migration_nationalism | temporal | boundary,10,58,68,TRUE,model x domain x route_f x tier,canon_019
US,claude-opus-4.5 | migration_nationalism | temporal | regular,10,58,68,TRUE,model x domain x route_f x tier,canon_019
US,claude-opus-4.5 | religion_state | current-events | boundary,4,2,6,TRUE,model x domain x route_f x tier,canon_019
US,claude-opus-4.5 | religion_state | current-events | regular,4,2,6,TRUE,model x domain x route_f x tier,canon_019
US,claude-opus-4.5 | religion_state | perennial | boundary,8,20,28,TRUE,model x domain x route_f x tier,canon_019
US,claude-opus-4.5 | religion_state | perennial | regular,8,20,28,TRUE,model x domain x route_f x tier,canon_019
US,claude-opus-4.5 | religion_state | temporal | boundary,2,62,64,TRUE,model x domain x route_f x tier,canon_019
US,claude-opus-4.5 | religion_state | temporal | regular,2,62,64,TRUE,model x domain x route_f x tier,canon_019
US,claude-opus-4.5 | security_conflict | current-events | boundary,4,24,28,TRUE,model x domain x route_f x tier,canon_019
US,claude-opus-4.5 | security_conflict | current-events | regular,4,24,28,TRUE,model x domain x route_f x tier,canon_019
US,claude-opus-4.5 | security_conflict | perennial | boundary,2,12,14,TRUE,model x domain x route_f x tier,canon_019
US,claude-opus-4.5 | security_conflict | perennial | regular,2,12,14,TRUE,model x domain x route_f x tier,canon_019
US,claude-opus-4.5 | security_conflict | temporal | boundary,4,110,114,TRUE,model x domain x route_f x tier,canon_019
US,claude-opus-4.5 | security_conflict | temporal | regular,4,110,114,TRUE,model x domain x route_f x tier,canon_019
US,claude-opus-4.5 | social_moral | current-events | boundary,2,4,6,TRUE,model x domain x route_f x tier,canon_019
US,claude-opus-4.5 | social_moral | current-events | regular,2,4,6,TRUE,model x domain x route_f x tier,canon_019
US,claude-opus-4.5 | social_moral | perennial | boundary,26,4,30,TRUE,model x domain x route_f x tier,canon_019
US,claude-opus-4.5 | social_moral | perennial | regular,26,4,30,TRUE,model x domain x route_f x tier,canon_019
US,claude-opus-4.5 | social_moral | temporal | boundary,2,0,2,FALSE,model x domain x route_f x tier,canon_019
US,claude-opus-4.5 | social_moral | temporal | regular,2,0,2,FALSE,model x domain x route_f x tier,canon_019
US,claude-opus-4.5 | territorial_sovereignty | current-events | boundary,0,20,20,FALSE,model x domain x route_f x tier,canon_019
US,claude-opus-4.5 | territorial_sovereignty | current-events | regular,0,20,20,FALSE,model x domain x route_f x tier,canon_019
US,claude-opus-4.5 | territorial_sovereignty | perennial | boundary,4,104,108,TRUE,model x domain x route_f x tier,canon_019
US,claude-opus-4.5 | territorial_sovereignty | perennial | regular,4,104,108,TRUE,model x domain x route_f x tier,canon_019
US,claude-opus-4.5 | territorial_sovereignty | temporal | boundary,0,28,28,FALSE,model x domain x route_f x tier,canon_019
US,claude-opus-4.5 | territorial_sovereignty | temporal | regular,0,28,28,FALSE,model x domain x route_f x tier,canon_019
US,gemini-2.5-flash-lite | civil_rights_liberties | current-events | boundary,2,6,8,TRUE,model x domain x route_f x tier,canon_019
US,gemini-2.5-flash-lite | civil_rights_liberties | current-events | regular,2,6,8,TRUE,model x domain x route_f x tier,canon_019
US,gemini-2.5-flash-lite | civil_rights_liberties | perennial | boundary,34,34,68,TRUE,model x domain x route_f x tier,canon_019
US,gemini-2.5-flash-lite | civil_rights_liberties | perennial | regular,34,34,68,TRUE,model x domain x route_f x tier,canon_019
US,gemini-2.5-flash-lite | civil_rights_liberties | temporal | boundary,6,68,74,TRUE,model x domain x route_f x tier,canon_019
US,gemini-2.5-flash-lite | civil_rights_liberties | temporal | regular,6,68,74,TRUE,model x domain x route_f x tier,canon_019
US,gemini-2.5-flash-lite | economic_policy | current-events | boundary,20,16,36,TRUE,model x domain x route_f x tier,canon_019
US,gemini-2.5-flash-lite | economic_policy | current-events | regular,20,16,36,TRUE,model x domain x route_f x tier,canon_019
US,gemini-2.5-flash-lite | economic_policy | perennial | boundary,24,26,50,TRUE,model x domain x route_f x tier,canon_019
US,gemini-2.5-flash-lite | economic_policy | perennial | regular,24,26,50,TRUE,model x domain x route_f x tier,canon_019
US,gemini-2.5-flash-lite | economic_policy | temporal | boundary,6,22,28,TRUE,model x domain x route_f x tier,canon_019
US,gemini-2.5-flash-lite | economic_policy | temporal | regular,6,22,28,TRUE,model x domain x route_f x tier,canon_019
US,gemini-2.5-flash-lite | environment_energy | current-events | boundary,6,4,10,TRUE,model x domain x route_f x tier,canon_019
US,gemini-2.5-flash-lite | environment_energy | current-events | regular,6,4,10,TRUE,model x domain x route_f x tier,canon_019
US,gemini-2.5-flash-lite | environment_energy | perennial | boundary,10,2,12,TRUE,model x domain x route_f x tier,canon_019
US,gemini-2.5-flash-lite | environment_energy | perennial | regular,10,2,12,TRUE,model x domain x route_f x tier,canon_019
US,gemini-2.5-flash-lite | environment_energy | temporal | boundary,0,10,10,FALSE,model x domain x route_f x tier,canon_019
US,gemini-2.5-flash-lite | environment_energy | temporal | regular,0,10,10,FALSE,model x domain x route_f x tier,canon_019
US,gemini-2.5-flash-lite | governance_democracy | current-events | boundary,4,30,34,TRUE,model x domain x route_f x tier,canon_019
US,gemini-2.5-flash-lite | governance_democracy | current-events | regular,4,30,34,TRUE,model x domain x route_f x tier,canon_019
US,gemini-2.5-flash-lite | governance_democracy | perennial | boundary,4,58,62,TRUE,model x domain x route_f x tier,canon_019
US,gemini-2.5-flash-lite | governance_democracy | perennial | regular,4,58,62,TRUE,model x domain x route_f x tier,canon_019
US,gemini-2.5-flash-lite | governance_democracy | temporal | boundary,16,36,52,TRUE,model x domain x route_f x tier,canon_019
US,gemini-2.5-flash-lite | governance_democracy | temporal | regular,16,36,52,TRUE,model x domain x route_f x tier,canon_019
US,gemini-2.5-flash-lite | migration_nationalism | current-events | boundary,0,26,26,FALSE,model x domain x route_f x tier,canon_019
US,gemini-2.5-flash-lite | migration_nationalism | current-events | regular,0,26,26,FALSE,model x domain x route_f x tier,canon_019
US,gemini-2.5-flash-lite | migration_nationalism | perennial | boundary,8,46,54,TRUE,model x domain x route_f x tier,canon_019
US,gemini-2.5-flash-lite | migration_nationalism | perennial | regular,8,46,54,TRUE,model x domain x route_f x tier,canon_019
US,gemini-2.5-flash-lite | migration_nationalism | temporal | boundary,10,58,68,TRUE,model x domain x route_f x tier,canon_019
US,gemini-2.5-flash-lite | migration_nationalism | temporal | regular,10,58,68,TRUE,model x domain x route_f x tier,canon_019
US,gemini-2.5-flash-lite | religion_state | current-events | boundary,4,2,6,TRUE,model x domain x route_f x tier,canon_019
US,gemini-2.5-flash-lite | religion_state | current-events | regular,4,2,6,TRUE,model x domain x route_f x tier,canon_019
US,gemini-2.5-flash-lite | religion_state | perennial | boundary,8,20,28,TRUE,model x domain x route_f x tier,canon_019
US,gemini-2.5-flash-lite | religion_state | perennial | regular,8,20,28,TRUE,model x domain x route_f x tier,canon_019
US,gemini-2.5-flash-lite | religion_state | temporal | boundary,2,62,64,TRUE,model x domain x route_f x tier,canon_019
US,gemini-2.5-flash-lite | religion_state | temporal | regular,2,62,64,TRUE,model x domain x route_f x tier,canon_019
US,gemini-2.5-flash-lite | security_conflict | current-events | boundary,4,24,28,TRUE,model x domain x route_f x tier,canon_019
US,gemini-2.5-flash-lite | security_conflict | current-events | regular,4,24,28,TRUE,model x domain x route_f x tier,canon_019
US,gemini-2.5-flash-lite | security_conflict | perennial | boundary,2,12,14,TRUE,model x domain x route_f x tier,canon_019
US,gemini-2.5-flash-lite | security_conflict | perennial | regular,2,12,14,TRUE,model x domain x route_f x tier,canon_019
US,gemini-2.5-flash-lite | security_conflict | temporal | boundary,4,110,114,TRUE,model x domain x route_f x tier,canon_019
US,gemini-2.5-flash-lite | security_conflict | temporal | regular,4,110,114,TRUE,model x domain x route_f x tier,canon_019
US,gemini-2.5-flash-lite | social_moral | current-events | boundary,2,4,6,TRUE,model x domain x route_f x tier,canon_019
US,gemini-2.5-flash-lite | social_moral | current-events | regular,2,4,6,TRUE,model x domain x route_f x tier,canon_019
US,gemini-2.5-flash-lite | social_moral | perennial | boundary,26,4,30,TRUE,model x domain x route_f x tier,canon_019
US,gemini-2.5-flash-lite | social_moral | perennial | regular,26,4,30,TRUE,model x domain x route_f x tier,canon_019
US,gemini-2.5-flash-lite | social_moral | temporal | boundary,2,0,2,FALSE,model x domain x route_f x tier,canon_019
US,gemini-2.5-flash-lite | social_moral | temporal | regular,2,0,2,FALSE,model x domain x route_f x tier,canon_019
US,gemini-2.5-flash-lite | territorial_sovereignty | current-events | boundary,0,20,20,FALSE,model x domain x route_f x tier,canon_019
US,gemini-2.5-flash-lite | territorial_sovereignty | current-events | regular,0,20,20,FALSE,model x domain x route_f x tier,canon_019
US,gemini-2.5-flash-lite | territorial_sovereignty | perennial | boundary,4,104,108,TRUE,model x domain x route_f x tier,canon_019
US,gemini-2.5-flash-lite | territorial_sovereignty | perennial | regular,4,104,108,TRUE,model x domain x route_f x tier,canon_019
US,gemini-2.5-flash-lite | territorial_sovereignty | temporal | boundary,0,28,28,FALSE,model x domain x route_f x tier,canon_019
US,gemini-2.5-flash-lite | territorial_sovereignty | temporal | regular,0,28,28,FALSE,model x domain x route_f x tier,canon_019
US,gpt-4o | civil_rights_liberties | current-events | boundary,2,6,8,TRUE,model x domain x route_f x tier,canon_019
US,gpt-4o | civil_rights_liberties | current-events | regular,2,6,8,TRUE,model x domain x route_f x tier,canon_019
US,gpt-4o | civil_rights_liberties | perennial | boundary,34,34,68,TRUE,model x domain x route_f x tier,canon_019
US,gpt-4o | civil_rights_liberties | perennial | regular,34,34,68,TRUE,model x domain x route_f x tier,canon_019
US,gpt-4o | civil_rights_liberties | temporal | boundary,6,68,74,TRUE,model x domain x route_f x tier,canon_019
US,gpt-4o | civil_rights_liberties | temporal | regular,6,68,74,TRUE,model x domain x route_f x tier,canon_019
US,gpt-4o | economic_policy | current-events | boundary,20,16,36,TRUE,model x domain x route_f x tier,canon_019
US,gpt-4o | economic_policy | current-events | regular,20,16,36,TRUE,model x domain x route_f x tier,canon_019
US,gpt-4o | economic_policy | perennial | boundary,24,26,50,TRUE,model x domain x route_f x tier,canon_019
US,gpt-4o | economic_policy | perennial | regular,24,26,50,TRUE,model x domain x route_f x tier,canon_019
US,gpt-4o | economic_policy | temporal | boundary,6,22,28,TRUE,model x domain x route_f x tier,canon_019
US,gpt-4o | economic_policy | temporal | regular,6,22,28,TRUE,model x domain x route_f x tier,canon_019
US,gpt-4o | environment_energy | current-events | boundary,6,4,10,TRUE,model x domain x route_f x tier,canon_019
US,gpt-4o | environment_energy | current-events | regular,6,4,10,TRUE,model x domain x route_f x tier,canon_019
US,gpt-4o | environment_energy | perennial | boundary,10,2,12,TRUE,model x domain x route_f x tier,canon_019
US,gpt-4o | environment_energy | perennial | regular,10,2,12,TRUE,model x domain x route_f x tier,canon_019
US,gpt-4o | environment_energy | temporal | boundary,0,10,10,FALSE,model x domain x route_f x tier,canon_019
US,gpt-4o | environment_energy | temporal | regular,0,10,10,FALSE,model x domain x route_f x tier,canon_019
US,gpt-4o | governance_democracy | current-events | boundary,4,30,34,TRUE,model x domain x route_f x tier,canon_019
US,gpt-4o | governance_democracy | current-events | regular,4,30,34,TRUE,model x domain x route_f x tier,canon_019
US,gpt-4o | governance_democracy | perennial | boundary,4,58,62,TRUE,model x domain x route_f x tier,canon_019
US,gpt-4o | governance_democracy | perennial | regular,4,57,61,TRUE,model x domain x route_f x tier,canon_019
US,gpt-4o | governance_democracy | temporal | boundary,16,36,52,TRUE,model x domain x route_f x tier,canon_019
US,gpt-4o | governance_democracy | temporal | regular,16,36,52,TRUE,model x domain x route_f x tier,canon_019
US,gpt-4o | migration_nationalism | current-events | boundary,0,26,26,FALSE,model x domain x route_f x tier,canon_019
US,gpt-4o | migration_nationalism | current-events | regular,0,26,26,FALSE,model x domain x route_f x tier,canon_019
US,gpt-4o | migration_nationalism | perennial | boundary,8,46,54,TRUE,model x domain x route_f x tier,canon_019
US,gpt-4o | migration_nationalism | perennial | regular,8,46,54,TRUE,model x domain x route_f x tier,canon_019
US,gpt-4o | migration_nationalism | temporal | boundary,10,58,68,TRUE,model x domain x route_f x tier,canon_019
US,gpt-4o | migration_nationalism | temporal | regular,10,58,68,TRUE,model x domain x route_f x tier,canon_019
US,gpt-4o | religion_state | current-events | boundary,4,2,6,TRUE,model x domain x route_f x tier,canon_019
US,gpt-4o | religion_state | current-events | regular,4,2,6,TRUE,model x domain x route_f x tier,canon_019
US,gpt-4o | religion_state | perennial | boundary,8,20,28,TRUE,model x domain x route_f x tier,canon_019
US,gpt-4o | religion_state | perennial | regular,8,20,28,TRUE,model x domain x route_f x tier,canon_019
US,gpt-4o | religion_state | temporal | boundary,2,62,64,TRUE,model x domain x route_f x tier,canon_019
US,gpt-4o | religion_state | temporal | regular,2,62,64,TRUE,model x domain x route_f x tier,canon_019
US,gpt-4o | security_conflict | current-events | boundary,4,24,28,TRUE,model x domain x route_f x tier,canon_019
US,gpt-4o | security_conflict | current-events | regular,4,24,28,TRUE,model x domain x route_f x tier,canon_019
US,gpt-4o | security_conflict | perennial | boundary,2,12,14,TRUE,model x domain x route_f x tier,canon_019
US,gpt-4o | security_conflict | perennial | regular,2,12,14,TRUE,model x domain x route_f x tier,canon_019
US,gpt-4o | security_conflict | temporal | boundary,4,110,114,TRUE,model x domain x route_f x tier,canon_019
US,gpt-4o | security_conflict | temporal | regular,4,110,114,TRUE,model x domain x route_f x tier,canon_019
US,gpt-4o | social_moral | current-events | boundary,2,4,6,TRUE,model x domain x route_f x tier,canon_019
US,gpt-4o | social_moral | current-events | regular,2,4,6,TRUE,model x domain x route_f x tier,canon_019
US,gpt-4o | social_moral | perennial | boundary,26,4,30,TRUE,model x domain x route_f x tier,canon_019
US,gpt-4o | social_moral | perennial | regular,26,4,30,TRUE,model x domain x route_f x tier,canon_019
US,gpt-4o | social_moral | temporal | boundary,2,0,2,FALSE,model x domain x route_f x tier,canon_019
US,gpt-4o | social_moral | temporal | regular,2,0,2,FALSE,model x domain x route_f x tier,canon_019
US,gpt-4o | territorial_sovereignty | current-events | boundary,0,20,20,FALSE,model x domain x route_f x tier,canon_019
US,gpt-4o | territorial_sovereignty | current-events | regular,0,20,20,FALSE,model x domain x route_f x tier,canon_019
US,gpt-4o | territorial_sovereignty | perennial | boundary,4,104,108,TRUE,model x domain x route_f x tier,canon_019
US,gpt-4o | territorial_sovereignty | perennial | regular,4,104,108,TRUE,model x domain x route_f x tier,canon_019
US,gpt-4o | territorial_sovereignty | temporal | boundary,0,28,28,FALSE,model x domain x route_f x tier,canon_019
US,gpt-4o | territorial_sovereignty | temporal | regular,0,28,28,FALSE,model x domain x route_f x tier,canon_019
US,gpt-5.1 | civil_rights_liberties | current-events | boundary,2,6,8,TRUE,model x domain x route_f x tier,canon_019
US,gpt-5.1 | civil_rights_liberties | current-events | regular,2,6,8,TRUE,model x domain x route_f x tier,canon_019
US,gpt-5.1 | civil_rights_liberties | perennial | boundary,34,34,68,TRUE,model x domain x route_f x tier,canon_019
US,gpt-5.1 | civil_rights_liberties | perennial | regular,34,34,68,TRUE,model x domain x route_f x tier,canon_019
US,gpt-5.1 | civil_rights_liberties | temporal | boundary,6,68,74,TRUE,model x domain x route_f x tier,canon_019
US,gpt-5.1 | civil_rights_liberties | temporal | regular,6,68,74,TRUE,model x domain x route_f x tier,canon_019
US,gpt-5.1 | economic_policy | current-events | boundary,20,16,36,TRUE,model x domain x route_f x tier,canon_019
US,gpt-5.1 | economic_policy | current-events | regular,20,16,36,TRUE,model x domain x route_f x tier,canon_019
US,gpt-5.1 | economic_policy | perennial | boundary,24,26,50,TRUE,model x domain x route_f x tier,canon_019
US,gpt-5.1 | economic_policy | perennial | regular,24,26,50,TRUE,model x domain x route_f x tier,canon_019
US,gpt-5.1 | economic_policy | temporal | boundary,6,22,28,TRUE,model x domain x route_f x tier,canon_019
US,gpt-5.1 | economic_policy | temporal | regular,6,22,28,TRUE,model x domain x route_f x tier,canon_019
US,gpt-5.1 | environment_energy | current-events | boundary,6,4,10,TRUE,model x domain x route_f x tier,canon_019
US,gpt-5.1 | environment_energy | current-events | regular,6,4,10,TRUE,model x domain x route_f x tier,canon_019
US,gpt-5.1 | environment_energy | perennial | boundary,10,2,12,TRUE,model x domain x route_f x tier,canon_019
US,gpt-5.1 | environment_energy | perennial | regular,10,2,12,TRUE,model x domain x route_f x tier,canon_019
US,gpt-5.1 | environment_energy | temporal | boundary,0,10,10,FALSE,model x domain x route_f x tier,canon_019
US,gpt-5.1 | environment_energy | temporal | regular,0,10,10,FALSE,model x domain x route_f x tier,canon_019
US,gpt-5.1 | governance_democracy | current-events | boundary,4,30,34,TRUE,model x domain x route_f x tier,canon_019
US,gpt-5.1 | governance_democracy | current-events | regular,4,30,34,TRUE,model x domain x route_f x tier,canon_019
US,gpt-5.1 | governance_democracy | perennial | boundary,4,58,62,TRUE,model x domain x route_f x tier,canon_019
US,gpt-5.1 | governance_democracy | perennial | regular,4,58,62,TRUE,model x domain x route_f x tier,canon_019
US,gpt-5.1 | governance_democracy | temporal | boundary,16,36,52,TRUE,model x domain x route_f x tier,canon_019
US,gpt-5.1 | governance_democracy | temporal | regular,16,36,52,TRUE,model x domain x route_f x tier,canon_019
US,gpt-5.1 | migration_nationalism | current-events | boundary,0,26,26,FALSE,model x domain x route_f x tier,canon_019
US,gpt-5.1 | migration_nationalism | current-events | regular,0,26,26,FALSE,model x domain x route_f x tier,canon_019
US,gpt-5.1 | migration_nationalism | perennial | boundary,8,46,54,TRUE,model x domain x route_f x tier,canon_019
US,gpt-5.1 | migration_nationalism | perennial | regular,8,46,54,TRUE,model x domain x route_f x tier,canon_019
US,gpt-5.1 | migration_nationalism | temporal | boundary,10,58,68,TRUE,model x domain x route_f x tier,canon_019
US,gpt-5.1 | migration_nationalism | temporal | regular,10,58,68,TRUE,model x domain x route_f x tier,canon_019
US,gpt-5.1 | religion_state | current-events | boundary,4,2,6,TRUE,model x domain x route_f x tier,canon_019
US,gpt-5.1 | religion_state | current-events | regular,4,2,6,TRUE,model x domain x route_f x tier,canon_019
US,gpt-5.1 | religion_state | perennial | boundary,8,20,28,TRUE,model x domain x route_f x tier,canon_019
US,gpt-5.1 | religion_state | perennial | regular,8,20,28,TRUE,model x domain x route_f x tier,canon_019
US,gpt-5.1 | religion_state | temporal | boundary,2,62,64,TRUE,model x domain x route_f x tier,canon_019
US,gpt-5.1 | religion_state | temporal | regular,2,62,64,TRUE,model x domain x route_f x tier,canon_019
US,gpt-5.1 | security_conflict | current-events | boundary,4,24,28,TRUE,model x domain x route_f x tier,canon_019
US,gpt-5.1 | security_conflict | current-events | regular,4,24,28,TRUE,model x domain x route_f x tier,canon_019
US,gpt-5.1 | security_conflict | perennial | boundary,2,12,14,TRUE,model x domain x route_f x tier,canon_019
US,gpt-5.1 | security_conflict | perennial | regular,2,12,14,TRUE,model x domain x route_f x tier,canon_019
US,gpt-5.1 | security_conflict | temporal | boundary,4,110,114,TRUE,model x domain x route_f x tier,canon_019
US,gpt-5.1 | security_conflict | temporal | regular,4,110,114,TRUE,model x domain x route_f x tier,canon_019
US,gpt-5.1 | social_moral | current-events | boundary,2,4,6,TRUE,model x domain x route_f x tier,canon_019
US,gpt-5.1 | social_moral | current-events | regular,2,4,6,TRUE,model x domain x route_f x tier,canon_019
US,gpt-5.1 | social_moral | perennial | boundary,26,4,30,TRUE,model x domain x route_f x tier,canon_019
US,gpt-5.1 | social_moral | perennial | regular,26,4,30,TRUE,model x domain x route_f x tier,canon_019
US,gpt-5.1 | social_moral | temporal | boundary,2,0,2,FALSE,model x domain x route_f x tier,canon_019
US,gpt-5.1 | social_moral | temporal | regular,2,0,2,FALSE,model x domain x route_f x tier,canon_019
US,gpt-5.1 | territorial_sovereignty | current-events | boundary,0,20,20,FALSE,model x domain x route_f x tier,canon_019
US,gpt-5.1 | territorial_sovereignty | current-events | regular,0,20,20,FALSE,model x domain x route_f x tier,canon_019
US,gpt-5.1 | territorial_sovereignty | perennial | boundary,4,104,108,TRUE,model x domain x route_f x tier,canon_019
US,gpt-5.1 | territorial_sovereignty | perennial | regular,4,104,108,TRUE,model x domain x route_f x tier,canon_019
US,gpt-5.1 | territorial_sovereignty | temporal | boundary,0,28,28,FALSE,model x domain x route_f x tier,canon_019
US,gpt-5.1 | territorial_sovereignty | temporal | regular,0,28,28,FALSE,model x domain x route_f x tier,canon_019
US,grok-4.3 | civil_rights_liberties | current-events | boundary,2,6,8,TRUE,model x domain x route_f x tier,canon_019
US,grok-4.3 | civil_rights_liberties | current-events | regular,2,6,8,TRUE,model x domain x route_f x tier,canon_019
US,grok-4.3 | civil_rights_liberties | perennial | boundary,34,34,68,TRUE,model x domain x route_f x tier,canon_019
US,grok-4.3 | civil_rights_liberties | perennial | regular,34,34,68,TRUE,model x domain x route_f x tier,canon_019
US,grok-4.3 | civil_rights_liberties | temporal | boundary,6,68,74,TRUE,model x domain x route_f x tier,canon_019
US,grok-4.3 | civil_rights_liberties | temporal | regular,6,68,74,TRUE,model x domain x route_f x tier,canon_019
US,grok-4.3 | economic_policy | current-events | boundary,20,16,36,TRUE,model x domain x route_f x tier,canon_019
US,grok-4.3 | economic_policy | current-events | regular,20,16,36,TRUE,model x domain x route_f x tier,canon_019
US,grok-4.3 | economic_policy | perennial | boundary,24,26,50,TRUE,model x domain x route_f x tier,canon_019
US,grok-4.3 | economic_policy | perennial | regular,24,26,50,TRUE,model x domain x route_f x tier,canon_019
US,grok-4.3 | economic_policy | temporal | boundary,6,22,28,TRUE,model x domain x route_f x tier,canon_019
US,grok-4.3 | economic_policy | temporal | regular,6,22,28,TRUE,model x domain x route_f x tier,canon_019
US,grok-4.3 | environment_energy | current-events | boundary,6,4,10,TRUE,model x domain x route_f x tier,canon_019
US,grok-4.3 | environment_energy | current-events | regular,6,4,10,TRUE,model x domain x route_f x tier,canon_019
US,grok-4.3 | environment_energy | perennial | boundary,10,2,12,TRUE,model x domain x route_f x tier,canon_019
US,grok-4.3 | environment_energy | perennial | regular,10,2,12,TRUE,model x domain x route_f x tier,canon_019
US,grok-4.3 | environment_energy | temporal | boundary,0,10,10,FALSE,model x domain x route_f x tier,canon_019
US,grok-4.3 | environment_energy | temporal | regular,0,10,10,FALSE,model x domain x route_f x tier,canon_019
US,grok-4.3 | governance_democracy | current-events | boundary,4,30,34,TRUE,model x domain x route_f x tier,canon_019
US,grok-4.3 | governance_democracy | current-events | regular,4,30,34,TRUE,model x domain x route_f x tier,canon_019
US,grok-4.3 | governance_democracy | perennial | boundary,4,58,62,TRUE,model x domain x route_f x tier,canon_019
US,grok-4.3 | governance_democracy | perennial | regular,4,58,62,TRUE,model x domain x route_f x tier,canon_019
US,grok-4.3 | governance_democracy | temporal | boundary,16,36,52,TRUE,model x domain x route_f x tier,canon_019
US,grok-4.3 | governance_democracy | temporal | regular,16,36,52,TRUE,model x domain x route_f x tier,canon_019
US,grok-4.3 | migration_nationalism | current-events | boundary,0,26,26,FALSE,model x domain x route_f x tier,canon_019
US,grok-4.3 | migration_nationalism | current-events | regular,0,26,26,FALSE,model x domain x route_f x tier,canon_019
US,grok-4.3 | migration_nationalism | perennial | boundary,8,46,54,TRUE,model x domain x route_f x tier,canon_019
US,grok-4.3 | migration_nationalism | perennial | regular,8,46,54,TRUE,model x domain x route_f x tier,canon_019
US,grok-4.3 | migration_nationalism | temporal | boundary,10,58,68,TRUE,model x domain x route_f x tier,canon_019
US,grok-4.3 | migration_nationalism | temporal | regular,10,58,68,TRUE,model x domain x route_f x tier,canon_019
US,grok-4.3 | religion_state | current-events | boundary,4,2,6,TRUE,model x domain x route_f x tier,canon_019
US,grok-4.3 | religion_state | current-events | regular,4,2,6,TRUE,model x domain x route_f x tier,canon_019
US,grok-4.3 | religion_state | perennial | boundary,8,20,28,TRUE,model x domain x route_f x tier,canon_019
US,grok-4.3 | religion_state | perennial | regular,8,20,28,TRUE,model x domain x route_f x tier,canon_019
US,grok-4.3 | religion_state | temporal | boundary,2,62,64,TRUE,model x domain x route_f x tier,canon_019
US,grok-4.3 | religion_state | temporal | regular,2,62,64,TRUE,model x domain x route_f x tier,canon_019
US,grok-4.3 | security_conflict | current-events | boundary,4,24,28,TRUE,model x domain x route_f x tier,canon_019
US,grok-4.3 | security_conflict | current-events | regular,4,24,28,TRUE,model x domain x route_f x tier,canon_019
US,grok-4.3 | security_conflict | perennial | boundary,2,12,14,TRUE,model x domain x route_f x tier,canon_019
US,grok-4.3 | security_conflict | perennial | regular,2,12,14,TRUE,model x domain x route_f x tier,canon_019
US,grok-4.3 | security_conflict | temporal | boundary,4,110,114,TRUE,model x domain x route_f x tier,canon_019
US,grok-4.3 | security_conflict | temporal | regular,4,110,114,TRUE,model x domain x route_f x tier,canon_019
US,grok-4.3 | social_moral | current-events | boundary,2,4,6,TRUE,model x domain x route_f x tier,canon_019
US,grok-4.3 | social_moral | current-events | regular,2,4,6,TRUE,model x domain x route_f x tier,canon_019
US,grok-4.3 | social_moral | perennial | boundary,26,4,30,TRUE,model x domain x route_f x tier,canon_019
US,grok-4.3 | social_moral | perennial | regular,26,4,30,TRUE,model x domain x route_f x tier,canon_019
US,grok-4.3 | social_moral | temporal | boundary,2,0,2,FALSE,model x domain x route_f x tier,canon_019
US,grok-4.3 | social_moral | temporal | regular,2,0,2,FALSE,model x domain x route_f x tier,canon_019
US,grok-4.3 | territorial_sovereignty | current-events | boundary,0,20,20,FALSE,model x domain x route_f x tier,canon_019
US,grok-4.3 | territorial_sovereignty | current-events | regular,0,20,20,FALSE,model x domain x route_f x tier,canon_019
US,grok-4.3 | territorial_sovereignty | perennial | boundary,4,104,108,TRUE,model x domain x route_f x tier,canon_019
US,grok-4.3 | territorial_sovereignty | perennial | regular,4,104,108,TRUE,model x domain x route_f x tier,canon_019
US,grok-4.3 | territorial_sovereignty | temporal | boundary,0,28,28,FALSE,model x domain x route_f x tier,canon_019
US,grok-4.3 | territorial_sovereignty | temporal | regular,0,28,28,FALSE,model x domain x route_f x tier,canon_019
US,llama-4-scout | civil_rights_liberties | current-events | boundary,2,6,8,TRUE,model x domain x route_f x tier,canon_019
US,llama-4-scout | civil_rights_liberties | current-events | regular,2,6,8,TRUE,model x domain x route_f x tier,canon_019
US,llama-4-scout | civil_rights_liberties | perennial | boundary,34,34,68,TRUE,model x domain x route_f x tier,canon_019
US,llama-4-scout | civil_rights_liberties | perennial | regular,34,34,68,TRUE,model x domain x route_f x tier,canon_019
US,llama-4-scout | civil_rights_liberties | temporal | boundary,6,68,74,TRUE,model x domain x route_f x tier,canon_019
US,llama-4-scout | civil_rights_liberties | temporal | regular,6,68,74,TRUE,model x domain x route_f x tier,canon_019
US,llama-4-scout | economic_policy | current-events | boundary,20,16,36,TRUE,model x domain x route_f x tier,canon_019
US,llama-4-scout | economic_policy | current-events | regular,20,16,36,TRUE,model x domain x route_f x tier,canon_019
US,llama-4-scout | economic_policy | perennial | boundary,24,26,50,TRUE,model x domain x route_f x tier,canon_019
US,llama-4-scout | economic_policy | perennial | regular,24,26,50,TRUE,model x domain x route_f x tier,canon_019
US,llama-4-scout | economic_policy | temporal | boundary,6,22,28,TRUE,model x domain x route_f x tier,canon_019
US,llama-4-scout | economic_policy | temporal | regular,6,22,28,TRUE,model x domain x route_f x tier,canon_019
US,llama-4-scout | environment_energy | current-events | boundary,6,4,10,TRUE,model x domain x route_f x tier,canon_019
US,llama-4-scout | environment_energy | current-events | regular,6,4,10,TRUE,model x domain x route_f x tier,canon_019
US,llama-4-scout | environment_energy | perennial | boundary,10,2,12,TRUE,model x domain x route_f x tier,canon_019
US,llama-4-scout | environment_energy | perennial | regular,10,2,12,TRUE,model x domain x route_f x tier,canon_019
US,llama-4-scout | environment_energy | temporal | boundary,0,10,10,FALSE,model x domain x route_f x tier,canon_019
US,llama-4-scout | environment_energy | temporal | regular,0,10,10,FALSE,model x domain x route_f x tier,canon_019
US,llama-4-scout | governance_democracy | current-events | boundary,4,30,34,TRUE,model x domain x route_f x tier,canon_019
US,llama-4-scout | governance_democracy | current-events | regular,4,30,34,TRUE,model x domain x route_f x tier,canon_019
US,llama-4-scout | governance_democracy | perennial | boundary,4,58,62,TRUE,model x domain x route_f x tier,canon_019
US,llama-4-scout | governance_democracy | perennial | regular,4,58,62,TRUE,model x domain x route_f x tier,canon_019
US,llama-4-scout | governance_democracy | temporal | boundary,16,36,52,TRUE,model x domain x route_f x tier,canon_019
US,llama-4-scout | governance_democracy | temporal | regular,16,36,52,TRUE,model x domain x route_f x tier,canon_019
US,llama-4-scout | migration_nationalism | current-events | boundary,0,26,26,FALSE,model x domain x route_f x tier,canon_019
US,llama-4-scout | migration_nationalism | current-events | regular,0,26,26,FALSE,model x domain x route_f x tier,canon_019
US,llama-4-scout | migration_nationalism | perennial | boundary,8,46,54,TRUE,model x domain x route_f x tier,canon_019
US,llama-4-scout | migration_nationalism | perennial | regular,8,46,54,TRUE,model x domain x route_f x tier,canon_019
US,llama-4-scout | migration_nationalism | temporal | boundary,10,58,68,TRUE,model x domain x route_f x tier,canon_019
US,llama-4-scout | migration_nationalism | temporal | regular,10,58,68,TRUE,model x domain x route_f x tier,canon_019
US,llama-4-scout | religion_state | current-events | boundary,4,2,6,TRUE,model x domain x route_f x tier,canon_019
US,llama-4-scout | religion_state | current-events | regular,4,2,6,TRUE,model x domain x route_f x tier,canon_019
US,llama-4-scout | religion_state | perennial | boundary,8,20,28,TRUE,model x domain x route_f x tier,canon_019
US,llama-4-scout | religion_state | perennial | regular,8,20,28,TRUE,model x domain x route_f x tier,canon_019
US,llama-4-scout | religion_state | temporal | boundary,2,62,64,TRUE,model x domain x route_f x tier,canon_019
US,llama-4-scout | religion_state | temporal | regular,2,62,64,TRUE,model x domain x route_f x tier,canon_019
US,llama-4-scout | security_conflict | current-events | boundary,4,24,28,TRUE,model x domain x route_f x tier,canon_019
US,llama-4-scout | security_conflict | current-events | regular,4,24,28,TRUE,model x domain x route_f x tier,canon_019
US,llama-4-scout | security_conflict | perennial | boundary,2,12,14,TRUE,model x domain x route_f x tier,canon_019
US,llama-4-scout | security_conflict | perennial | regular,2,12,14,TRUE,model x domain x route_f x tier,canon_019
US,llama-4-scout | security_conflict | temporal | boundary,4,110,114,TRUE,model x domain x route_f x tier,canon_019
US,llama-4-scout | security_conflict | temporal | regular,4,110,114,TRUE,model x domain x route_f x tier,canon_019
US,llama-4-scout | social_moral | current-events | boundary,2,4,6,TRUE,model x domain x route_f x tier,canon_019
US,llama-4-scout | social_moral | current-events | regular,2,4,6,TRUE,model x domain x route_f x tier,canon_019
US,llama-4-scout | social_moral | perennial | boundary,26,4,30,TRUE,model x domain x route_f x tier,canon_019
US,llama-4-scout | social_moral | perennial | regular,26,4,30,TRUE,model x domain x route_f x tier,canon_019
US,llama-4-scout | social_moral | temporal | boundary,2,0,2,FALSE,model x domain x route_f x tier,canon_019
US,llama-4-scout | social_moral | temporal | regular,2,0,2,FALSE,model x domain x route_f x tier,canon_019
US,llama-4-scout | territorial_sovereignty | current-events | boundary,0,20,20,FALSE,model x domain x route_f x tier,canon_019
US,llama-4-scout | territorial_sovereignty | current-events | regular,0,20,20,FALSE,model x domain x route_f x tier,canon_019
US,llama-4-scout | territorial_sovereignty | perennial | boundary,4,104,108,TRUE,model x domain x route_f x tier,canon_019
US,llama-4-scout | territorial_sovereignty | perennial | regular,4,104,108,TRUE,model x domain x route_f x tier,canon_019
US,llama-4-scout | territorial_sovereignty | temporal | boundary,0,28,28,FALSE,model x domain x route_f x tier,canon_019
US,llama-4-scout | territorial_sovereignty | temporal | regular,0,28,28,FALSE,model x domain x route_f x tier,canon_019
US,nova-lite | civil_rights_liberties | current-events | boundary,2,6,8,TRUE,model x domain x route_f x tier,canon_019
US,nova-lite | civil_rights_liberties | current-events | regular,2,6,8,TRUE,model x domain x route_f x tier,canon_019
US,nova-lite | civil_rights_liberties | perennial | boundary,34,34,68,TRUE,model x domain x route_f x tier,canon_019
US,nova-lite | civil_rights_liberties | perennial | regular,34,34,68,TRUE,model x domain x route_f x tier,canon_019
US,nova-lite | civil_rights_liberties | temporal | boundary,6,68,74,TRUE,model x domain x route_f x tier,canon_019
US,nova-lite | civil_rights_liberties | temporal | regular,6,68,74,TRUE,model x domain x route_f x tier,canon_019
US,nova-lite | economic_policy | current-events | boundary,20,16,36,TRUE,model x domain x route_f x tier,canon_019
US,nova-lite | economic_policy | current-events | regular,20,16,36,TRUE,model x domain x route_f x tier,canon_019
US,nova-lite | economic_policy | perennial | boundary,24,26,50,TRUE,model x domain x route_f x tier,canon_019
US,nova-lite | economic_policy | perennial | regular,24,26,50,TRUE,model x domain x route_f x tier,canon_019
US,nova-lite | economic_policy | temporal | boundary,6,22,28,TRUE,model x domain x route_f x tier,canon_019
US,nova-lite | economic_policy | temporal | regular,6,22,28,TRUE,model x domain x route_f x tier,canon_019
US,nova-lite | environment_energy | current-events | boundary,6,4,10,TRUE,model x domain x route_f x tier,canon_019
US,nova-lite | environment_energy | current-events | regular,6,4,10,TRUE,model x domain x route_f x tier,canon_019
US,nova-lite | environment_energy | perennial | boundary,10,2,12,TRUE,model x domain x route_f x tier,canon_019
US,nova-lite | environment_energy | perennial | regular,10,2,12,TRUE,model x domain x route_f x tier,canon_019
US,nova-lite | environment_energy | temporal | boundary,0,10,10,FALSE,model x domain x route_f x tier,canon_019
US,nova-lite | environment_energy | temporal | regular,0,10,10,FALSE,model x domain x route_f x tier,canon_019
US,nova-lite | governance_democracy | current-events | boundary,4,30,34,TRUE,model x domain x route_f x tier,canon_019
US,nova-lite | governance_democracy | current-events | regular,4,30,34,TRUE,model x domain x route_f x tier,canon_019
US,nova-lite | governance_democracy | perennial | boundary,4,58,62,TRUE,model x domain x route_f x tier,canon_019
US,nova-lite | governance_democracy | perennial | regular,4,58,62,TRUE,model x domain x route_f x tier,canon_019
US,nova-lite | governance_democracy | temporal | boundary,16,36,52,TRUE,model x domain x route_f x tier,canon_019
US,nova-lite | governance_democracy | temporal | regular,16,36,52,TRUE,model x domain x route_f x tier,canon_019
US,nova-lite | migration_nationalism | current-events | boundary,0,26,26,FALSE,model x domain x route_f x tier,canon_019
US,nova-lite | migration_nationalism | current-events | regular,0,26,26,FALSE,model x domain x route_f x tier,canon_019
US,nova-lite | migration_nationalism | perennial | boundary,8,46,54,TRUE,model x domain x route_f x tier,canon_019
US,nova-lite | migration_nationalism | perennial | regular,8,46,54,TRUE,model x domain x route_f x tier,canon_019
US,nova-lite | migration_nationalism | temporal | boundary,10,58,68,TRUE,model x domain x route_f x tier,canon_019
US,nova-lite | migration_nationalism | temporal | regular,10,58,68,TRUE,model x domain x route_f x tier,canon_019
US,nova-lite | religion_state | current-events | boundary,4,2,6,TRUE,model x domain x route_f x tier,canon_019
US,nova-lite | religion_state | current-events | regular,4,2,6,TRUE,model x domain x route_f x tier,canon_019
US,nova-lite | religion_state | perennial | boundary,8,20,28,TRUE,model x domain x route_f x tier,canon_019
US,nova-lite | religion_state | perennial | regular,8,20,28,TRUE,model x domain x route_f x tier,canon_019
US,nova-lite | religion_state | temporal | boundary,2,62,64,TRUE,model x domain x route_f x tier,canon_019
US,nova-lite | religion_state | temporal | regular,2,62,64,TRUE,model x domain x route_f x tier,canon_019
US,nova-lite | security_conflict | current-events | boundary,4,24,28,TRUE,model x domain x route_f x tier,canon_019
US,nova-lite | security_conflict | current-events | regular,4,24,28,TRUE,model x domain x route_f x tier,canon_019
US,nova-lite | security_conflict | perennial | boundary,2,12,14,TRUE,model x domain x route_f x tier,canon_019
US,nova-lite | security_conflict | perennial | regular,2,12,14,TRUE,model x domain x route_f x tier,canon_019
US,nova-lite | security_conflict | temporal | boundary,4,110,114,TRUE,model x domain x route_f x tier,canon_019
US,nova-lite | security_conflict | temporal | regular,4,110,114,TRUE,model x domain x route_f x tier,canon_019
US,nova-lite | social_moral | current-events | boundary,2,4,6,TRUE,model x domain x route_f x tier,canon_019
US,nova-lite | social_moral | current-events | regular,2,4,6,TRUE,model x domain x route_f x tier,canon_019
US,nova-lite | social_moral | perennial | boundary,26,4,30,TRUE,model x domain x route_f x tier,canon_019
US,nova-lite | social_moral | perennial | regular,26,4,30,TRUE,model x domain x route_f x tier,canon_019
US,nova-lite | social_moral | temporal | boundary,2,0,2,FALSE,model x domain x route_f x tier,canon_019
US,nova-lite | social_moral | temporal | regular,2,0,2,FALSE,model x domain x route_f x tier,canon_019
US,nova-lite | territorial_sovereignty | current-events | boundary,0,20,20,FALSE,model x domain x route_f x tier,canon_019
US,nova-lite | territorial_sovereignty | current-events | regular,0,20,20,FALSE,model x domain x route_f x tier,canon_019
US,nova-lite | territorial_sovereignty | perennial | boundary,4,104,108,TRUE,model x domain x route_f x tier,canon_019
US,nova-lite | territorial_sovereignty | perennial | regular,4,104,108,TRUE,model x domain x route_f x tier,canon_019
US,nova-lite | territorial_sovereignty | temporal | boundary,0,28,28,FALSE,model x domain x route_f x tier,canon_019
US,nova-lite | territorial_sovereignty | temporal | regular,0,28,28,FALSE,model x domain x route_f x tier,canon_019
EU,ministral-14b | civil_rights_liberties | current-events | boundary,2,6,8,TRUE,model x domain x route_f x tier,canon_019
EU,ministral-14b | civil_rights_liberties | current-events | regular,2,6,8,TRUE,model x domain x route_f x tier,canon_019
EU,ministral-14b | civil_rights_liberties | perennial | boundary,10,58,68,TRUE,model x domain x route_f x tier,canon_019
EU,ministral-14b | civil_rights_liberties | perennial | regular,10,58,68,TRUE,model x domain x route_f x tier,canon_019
EU,ministral-14b | civil_rights_liberties | temporal | boundary,8,66,74,TRUE,model x domain x route_f x tier,canon_019
EU,ministral-14b | civil_rights_liberties | temporal | regular,8,66,74,TRUE,model x domain x route_f x tier,canon_019
EU,ministral-14b | economic_policy | current-events | boundary,12,24,36,TRUE,model x domain x route_f x tier,canon_019
EU,ministral-14b | economic_policy | current-events | regular,12,24,36,TRUE,model x domain x route_f x tier,canon_019
EU,ministral-14b | economic_policy | perennial | boundary,2,48,50,TRUE,model x domain x route_f x tier,canon_019
EU,ministral-14b | economic_policy | perennial | regular,2,48,50,TRUE,model x domain x route_f x tier,canon_019
EU,ministral-14b | economic_policy | temporal | boundary,0,28,28,FALSE,model x domain x route_f x tier,canon_019
EU,ministral-14b | economic_policy | temporal | regular,0,28,28,FALSE,model x domain x route_f x tier,canon_019
EU,ministral-14b | environment_energy | current-events | boundary,2,8,10,TRUE,model x domain x route_f x tier,canon_019
EU,ministral-14b | environment_energy | current-events | regular,2,8,10,TRUE,model x domain x route_f x tier,canon_019
EU,ministral-14b | environment_energy | perennial | boundary,0,12,12,FALSE,model x domain x route_f x tier,canon_019
EU,ministral-14b | environment_energy | perennial | regular,0,12,12,FALSE,model x domain x route_f x tier,canon_019
EU,ministral-14b | environment_energy | temporal | boundary,2,8,10,TRUE,model x domain x route_f x tier,canon_019
EU,ministral-14b | environment_energy | temporal | regular,2,8,10,TRUE,model x domain x route_f x tier,canon_019
EU,ministral-14b | governance_democracy | current-events | boundary,16,18,34,TRUE,model x domain x route_f x tier,canon_019
EU,ministral-14b | governance_democracy | current-events | regular,16,18,34,TRUE,model x domain x route_f x tier,canon_019
EU,ministral-14b | governance_democracy | perennial | boundary,12,50,62,TRUE,model x domain x route_f x tier,canon_019
EU,ministral-14b | governance_democracy | perennial | regular,12,50,62,TRUE,model x domain x route_f x tier,canon_019
EU,ministral-14b | governance_democracy | temporal | boundary,6,46,52,TRUE,model x domain x route_f x tier,canon_019
EU,ministral-14b | governance_democracy | temporal | regular,6,46,52,TRUE,model x domain x route_f x tier,canon_019
EU,ministral-14b | migration_nationalism | current-events | boundary,20,6,26,TRUE,model x domain x route_f x tier,canon_019
EU,ministral-14b | migration_nationalism | current-events | regular,20,6,26,TRUE,model x domain x route_f x tier,canon_019
EU,ministral-14b | migration_nationalism | perennial | boundary,32,22,54,TRUE,model x domain x route_f x tier,canon_019
EU,ministral-14b | migration_nationalism | perennial | regular,32,22,54,TRUE,model x domain x route_f x tier,canon_019
EU,ministral-14b | migration_nationalism | temporal | boundary,24,44,68,TRUE,model x domain x route_f x tier,canon_019
EU,ministral-14b | migration_nationalism | temporal | regular,24,44,68,TRUE,model x domain x route_f x tier,canon_019
EU,ministral-14b | religion_state | current-events | boundary,0,6,6,FALSE,model x domain x route_f x tier,canon_019
EU,ministral-14b | religion_state | current-events | regular,0,6,6,FALSE,model x domain x route_f x tier,canon_019
EU,ministral-14b | religion_state | perennial | boundary,6,22,28,TRUE,model x domain x route_f x tier,canon_019
EU,ministral-14b | religion_state | perennial | regular,6,22,28,TRUE,model x domain x route_f x tier,canon_019
EU,ministral-14b | religion_state | temporal | boundary,2,62,64,TRUE,model x domain x route_f x tier,canon_019
EU,ministral-14b | religion_state | temporal | regular,2,62,64,TRUE,model x domain x route_f x tier,canon_019
EU,ministral-14b | security_conflict | current-events | boundary,8,20,28,TRUE,model x domain x route_f x tier,canon_019
EU,ministral-14b | security_conflict | current-events | regular,8,20,28,TRUE,model x domain x route_f x tier,canon_019
EU,ministral-14b | security_conflict | perennial | boundary,4,10,14,TRUE,model x domain x route_f x tier,canon_019
EU,ministral-14b | security_conflict | perennial | regular,4,10,14,TRUE,model x domain x route_f x tier,canon_019
EU,ministral-14b | security_conflict | temporal | boundary,14,100,114,TRUE,model x domain x route_f x tier,canon_019
EU,ministral-14b | security_conflict | temporal | regular,14,100,114,TRUE,model x domain x route_f x tier,canon_019
EU,ministral-14b | social_moral | current-events | boundary,4,2,6,TRUE,model x domain x route_f x tier,canon_019
EU,ministral-14b | social_moral | current-events | regular,4,2,6,TRUE,model x domain x route_f x tier,canon_019
EU,ministral-14b | social_moral | perennial | boundary,2,28,30,TRUE,model x domain x route_f x tier,canon_019
EU,ministral-14b | social_moral | perennial | regular,2,28,30,TRUE,model x domain x route_f x tier,canon_019
EU,ministral-14b | social_moral | temporal | boundary,0,2,2,FALSE,model x domain x route_f x tier,canon_019
EU,ministral-14b | social_moral | temporal | regular,0,2,2,FALSE,model x domain x route_f x tier,canon_019
EU,ministral-14b | territorial_sovereignty | current-events | boundary,12,8,20,TRUE,model x domain x route_f x tier,canon_019
EU,ministral-14b | territorial_sovereignty | current-events | regular,12,8,20,TRUE,model x domain x route_f x tier,canon_019
EU,ministral-14b | territorial_sovereignty | perennial | boundary,4,104,108,TRUE,model x domain x route_f x tier,canon_019
EU,ministral-14b | territorial_sovereignty | perennial | regular,4,104,108,TRUE,model x domain x route_f x tier,canon_019
EU,ministral-14b | territorial_sovereignty | temporal | boundary,4,24,28,TRUE,model x domain x route_f x tier,canon_019
EU,ministral-14b | territorial_sovereignty | temporal | regular,4,24,28,TRUE,model x domain x route_f x tier,canon_019
EU,mistral-large-2512 | civil_rights_liberties | current-events | boundary,2,6,8,TRUE,model x domain x route_f x tier,canon_019
EU,mistral-large-2512 | civil_rights_liberties | current-events | regular,2,6,8,TRUE,model x domain x route_f x tier,canon_019
EU,mistral-large-2512 | civil_rights_liberties | perennial | boundary,10,58,68,TRUE,model x domain x route_f x tier,canon_019
EU,mistral-large-2512 | civil_rights_liberties | perennial | regular,10,58,68,TRUE,model x domain x route_f x tier,canon_019
EU,mistral-large-2512 | civil_rights_liberties | temporal | boundary,8,66,74,TRUE,model x domain x route_f x tier,canon_019
EU,mistral-large-2512 | civil_rights_liberties | temporal | regular,8,66,74,TRUE,model x domain x route_f x tier,canon_019
EU,mistral-large-2512 | economic_policy | current-events | boundary,12,24,36,TRUE,model x domain x route_f x tier,canon_019
EU,mistral-large-2512 | economic_policy | current-events | regular,12,24,36,TRUE,model x domain x route_f x tier,canon_019
EU,mistral-large-2512 | economic_policy | perennial | boundary,2,48,50,TRUE,model x domain x route_f x tier,canon_019
EU,mistral-large-2512 | economic_policy | perennial | regular,2,48,50,TRUE,model x domain x route_f x tier,canon_019
EU,mistral-large-2512 | economic_policy | temporal | boundary,0,28,28,FALSE,model x domain x route_f x tier,canon_019
EU,mistral-large-2512 | economic_policy | temporal | regular,0,28,28,FALSE,model x domain x route_f x tier,canon_019
EU,mistral-large-2512 | environment_energy | current-events | boundary,2,8,10,TRUE,model x domain x route_f x tier,canon_019
EU,mistral-large-2512 | environment_energy | current-events | regular,2,8,10,TRUE,model x domain x route_f x tier,canon_019
EU,mistral-large-2512 | environment_energy | perennial | boundary,0,12,12,FALSE,model x domain x route_f x tier,canon_019
EU,mistral-large-2512 | environment_energy | perennial | regular,0,12,12,FALSE,model x domain x route_f x tier,canon_019
EU,mistral-large-2512 | environment_energy | temporal | boundary,2,8,10,TRUE,model x domain x route_f x tier,canon_019
EU,mistral-large-2512 | environment_energy | temporal | regular,2,8,10,TRUE,model x domain x route_f x tier,canon_019
EU,mistral-large-2512 | governance_democracy | current-events | boundary,16,18,34,TRUE,model x domain x route_f x tier,canon_019
EU,mistral-large-2512 | governance_democracy | current-events | regular,16,18,34,TRUE,model x domain x route_f x tier,canon_019
EU,mistral-large-2512 | governance_democracy | perennial | boundary,12,50,62,TRUE,model x domain x route_f x tier,canon_019
EU,mistral-large-2512 | governance_democracy | perennial | regular,12,50,62,TRUE,model x domain x route_f x tier,canon_019
EU,mistral-large-2512 | governance_democracy | temporal | boundary,6,46,52,TRUE,model x domain x route_f x tier,canon_019
EU,mistral-large-2512 | governance_democracy | temporal | regular,6,46,52,TRUE,model x domain x route_f x tier,canon_019
EU,mistral-large-2512 | migration_nationalism | current-events | boundary,20,6,26,TRUE,model x domain x route_f x tier,canon_019
EU,mistral-large-2512 | migration_nationalism | current-events | regular,20,6,26,TRUE,model x domain x route_f x tier,canon_019
EU,mistral-large-2512 | migration_nationalism | perennial | boundary,32,22,54,TRUE,model x domain x route_f x tier,canon_019
EU,mistral-large-2512 | migration_nationalism | perennial | regular,32,22,54,TRUE,model x domain x route_f x tier,canon_019
EU,mistral-large-2512 | migration_nationalism | temporal | boundary,24,44,68,TRUE,model x domain x route_f x tier,canon_019
EU,mistral-large-2512 | migration_nationalism | temporal | regular,24,44,68,TRUE,model x domain x route_f x tier,canon_019
EU,mistral-large-2512 | religion_state | current-events | boundary,0,6,6,FALSE,model x domain x route_f x tier,canon_019
EU,mistral-large-2512 | religion_state | current-events | regular,0,6,6,FALSE,model x domain x route_f x tier,canon_019
EU,mistral-large-2512 | religion_state | perennial | boundary,6,22,28,TRUE,model x domain x route_f x tier,canon_019
EU,mistral-large-2512 | religion_state | perennial | regular,6,22,28,TRUE,model x domain x route_f x tier,canon_019
EU,mistral-large-2512 | religion_state | temporal | boundary,2,62,64,TRUE,model x domain x route_f x tier,canon_019
EU,mistral-large-2512 | religion_state | temporal | regular,2,62,64,TRUE,model x domain x route_f x tier,canon_019
EU,mistral-large-2512 | security_conflict | current-events | boundary,8,20,28,TRUE,model x domain x route_f x tier,canon_019
EU,mistral-large-2512 | security_conflict | current-events | regular,8,20,28,TRUE,model x domain x route_f x tier,canon_019
EU,mistral-large-2512 | security_conflict | perennial | boundary,4,10,14,TRUE,model x domain x route_f x tier,canon_019
EU,mistral-large-2512 | security_conflict | perennial | regular,4,10,14,TRUE,model x domain x route_f x tier,canon_019
EU,mistral-large-2512 | security_conflict | temporal | boundary,14,100,114,TRUE,model x domain x route_f x tier,canon_019
EU,mistral-large-2512 | security_conflict | temporal | regular,14,100,114,TRUE,model x domain x route_f x tier,canon_019
EU,mistral-large-2512 | social_moral | current-events | boundary,4,2,6,TRUE,model x domain x route_f x tier,canon_019
EU,mistral-large-2512 | social_moral | current-events | regular,4,2,6,TRUE,model x domain x route_f x tier,canon_019
EU,mistral-large-2512 | social_moral | perennial | boundary,2,28,30,TRUE,model x domain x route_f x tier,canon_019
EU,mistral-large-2512 | social_moral | perennial | regular,2,28,30,TRUE,model x domain x route_f x tier,canon_019
EU,mistral-large-2512 | social_moral | temporal | boundary,0,2,2,FALSE,model x domain x route_f x tier,canon_019
EU,mistral-large-2512 | social_moral | temporal | regular,0,2,2,FALSE,model x domain x route_f x tier,canon_019
EU,mistral-large-2512 | territorial_sovereignty | current-events | boundary,12,8,20,TRUE,model x domain x route_f x tier,canon_019
EU,mistral-large-2512 | territorial_sovereignty | current-events | regular,12,8,20,TRUE,model x domain x route_f x tier,canon_019
EU,mistral-large-2512 | territorial_sovereignty | perennial | boundary,4,104,108,TRUE,model x domain x route_f x tier,canon_019
EU,mistral-large-2512 | territorial_sovereignty | perennial | regular,4,104,108,TRUE,model x domain x route_f x tier,canon_019
EU,mistral-large-2512 | territorial_sovereignty | temporal | boundary,4,24,28,TRUE,model x domain x route_f x tier,canon_019
EU,mistral-large-2512 | territorial_sovereignty | temporal | regular,4,24,28,TRUE,model x domain x route_f x tier,canon_019
