family,estimand,level,scale,fraction,n_replicates,n_estimable,estimability_rate,convergence_rate,mean_n_issues,full_value,median_estimate,p10,p90,p025,p975,mad_from_full,rmsd_from_full,sign_agreement,tol_1,tol_2,within_tol_1,within_tol_2,interval_note,resampling_unit,canonical_run_id
framing,paired boundary-regular (equal-model),all models,pp,0.1,500,500,1,NA,64,0.08672216660107972,0.1420454545454548,-1.4057990620490617,1.4605480205278598,-2.2668368957431455,2.2727272727272725,0.7259267120556249,1.1391289095841919,0.544,1,2,0.636,0.914,p10-p90 and p2.5-p97.5 are ACROSS-SUBSAMPLE RANGES describing design stability. They are NOT confidence intervals and have no coverage interpretation.,"issue_id (without replacement, stratified, nested)",canon_012
framing,paired boundary-regular (equal-model),all models,pp,0.2,500,500,1,NA,126,0.08672216660107972,0.09776102034166434,-0.9646041055718491,1.0449932581080117,-1.5570000471160985,1.6477370478983375,0.5556976355765498,0.7999274518855383,0.554,1,2,0.792,0.992,p10-p90 and p2.5-p97.5 are ACROSS-SUBSAMPLE RANGES describing design stability. They are NOT confidence intervals and have no coverage interpretation.,"issue_id (without replacement, stratified, nested)",canon_012
framing,paired boundary-regular (equal-model),all models,pp,0.3,500,500,1,NA,189,0.08672216660107972,0.03217525642918194,-0.6747583360486592,0.8207710335369905,-1.0543673929724666,1.3061666894456865,0.4117853948901151,0.5933383309859577,0.53,1,2,0.906,1,p10-p90 and p2.5-p97.5 are ACROSS-SUBSAMPLE RANGES describing design stability. They are NOT confidence intervals and have no coverage interpretation.,"issue_id (without replacement, stratified, nested)",canon_012
framing,paired boundary-regular (equal-model),all models,pp,0.4,500,500,1,NA,251,0.08672216660107972,0.06687508339846421,-0.5733737776168054,0.6984798635370545,-0.8650873485530002,1.0089890831440744,0.3206591459563837,0.47891461166161636,0.562,1,2,0.964,1,p10-p90 and p2.5-p97.5 are ACROSS-SUBSAMPLE RANGES describing design stability. They are NOT confidence intervals and have no coverage interpretation.,"issue_id (without replacement, stratified, nested)",canon_012
framing,paired boundary-regular (equal-model),all models,pp,0.5,500,500,1,NA,312,0.08672216660107972,0.0654887184013411,-0.4287532382093013,0.571705589061625,-0.6702947590044388,0.8649295489965649,0.2687321983356668,0.39744233425573394,0.562,1,2,0.98,1,p10-p90 and p2.5-p97.5 are ACROSS-SUBSAMPLE RANGES describing design stability. They are NOT confidence intervals and have no coverage interpretation.,"issue_id (without replacement, stratified, nested)",canon_012
framing,paired boundary-regular (equal-model),all models,pp,0.6,500,500,1,NA,376,0.08672216660107972,0.08897859879225375,-0.3547760509261893,0.5020188577552873,-0.5655054914136359,0.7145925709548151,0.22515891169948785,0.32864610296658764,0.608,1,2,1,1,p10-p90 and p2.5-p97.5 are ACROSS-SUBSAMPLE RANGES describing design stability. They are NOT confidence intervals and have no coverage interpretation.,"issue_id (without replacement, stratified, nested)",canon_012
framing,paired boundary-regular (equal-model),all models,pp,0.75,500,500,1,NA,468,0.08672216660107972,0.07272887410123582,-0.19954348231603547,0.37541607375259595,-0.34017036944289625,0.501599324264485,0.16238330429793973,0.22730091883049475,0.624,1,2,1,1,p10-p90 and p2.5-p97.5 are ACROSS-SUBSAMPLE RANGES describing design stability. They are NOT confidence intervals and have no coverage interpretation.,"issue_id (without replacement, stratified, nested)",canon_012
framing,paired boundary-regular (equal-model),all models,pp,0.9,500,500,1,NA,563,0.08672216660107972,0.07975685535768079,-0.07380579346490457,0.26531614053798774,-0.16321153026162372,0.3510333813499408,0.08247496801444196,0.12981673577939623,0.76,1,2,1,1,p10-p90 and p2.5-p97.5 are ACROSS-SUBSAMPLE RANGES describing design stability. They are NOT confidence intervals and have no coverage interpretation.,"issue_id (without replacement, stratified, nested)",canon_012
framing,paired boundary-regular (equal-model),all models,pp,1,1,1,1,NA,624,0.08672216660107972,0.08672216660107972,0.08672216660107972,0.08672216660107972,0.08672216660107972,0.08672216660107972,0,0,1,1,2,1,1,p10-p90 and p2.5-p97.5 are ACROSS-SUBSAMPLE RANGES describing design stability. They are NOT confidence intervals and have no coverage interpretation.,"issue_id (without replacement, stratified, nested)",canon_012
home,descriptive home-away (equal-model),CN,pp,0.1,500,500,1,NA,64,16.015625,16.29406580493537,8.009410801963993,24.218344155844154,3.9071309020436926,29.136679292929287,4.6453373015873005,6.475042988801766,1,1,2,0.122,0.242,p10-p90 and p2.5-p97.5 are ACROSS-SUBSAMPLE RANGES describing design stability. They are NOT confidence intervals and have no coverage interpretation.,"issue_id (without replacement, stratified, nested)",canon_012
home,descriptive home-away (equal-model),CN,pp,0.2,500,500,1,NA,126,16.015625,15.915003896770994,10.614975182863112,21.67832817337461,8.320268658810328,25.202690972222218,2.8437313206142054,4.279828965185079,1,1,2,0.166,0.358,p10-p90 and p2.5-p97.5 are ACROSS-SUBSAMPLE RANGES describing design stability. They are NOT confidence intervals and have no coverage interpretation.,"issue_id (without replacement, stratified, nested)",canon_012
home,descriptive home-away (equal-model),CN,pp,0.3,500,500,1,NA,189,16.015625,16.008228291316527,12.13479232812804,20.068542029616722,9.941930535926598,21.85240655231113,2.173447572410023,3.122256875716138,1,1,2,0.214,0.454,p10-p90 and p2.5-p97.5 are ACROSS-SUBSAMPLE RANGES describing design stability. They are NOT confidence intervals and have no coverage interpretation.,"issue_id (without replacement, stratified, nested)",canon_012
home,descriptive home-away (equal-model),CN,pp,0.4,500,500,1,NA,251,16.015625,16.156068167243802,12.83430735930736,19.43213851911141,10.832585892581989,20.816991910601892,1.6872206702580828,2.5422744249495914,1,1,2,0.3,0.57,p10-p90 and p2.5-p97.5 are ACROSS-SUBSAMPLE RANGES describing design stability. They are NOT confidence intervals and have no coverage interpretation.,"issue_id (without replacement, stratified, nested)",canon_012
home,descriptive home-away (equal-model),CN,pp,0.5,500,500,1,NA,312,16.015625,16.024830929253582,13.60626933745866,18.798915225245672,11.915972222222223,20.097684867216117,1.5141899754371995,2.0756688252763418,1,1,2,0.362,0.68,p10-p90 and p2.5-p97.5 are ACROSS-SUBSAMPLE RANGES describing design stability. They are NOT confidence intervals and have no coverage interpretation.,"issue_id (without replacement, stratified, nested)",canon_012
home,descriptive home-away (equal-model),CN,pp,0.6,500,500,1,NA,376,16.015625,16.037961191626977,13.886756620276122,18.282225084856663,12.975663957473113,19.394703352377643,1.0447668650793638,1.6520465252413608,1,1,2,0.476,0.762,p10-p90 and p2.5-p97.5 are ACROSS-SUBSAMPLE RANGES describing design stability. They are NOT confidence intervals and have no coverage interpretation.,"issue_id (without replacement, stratified, nested)",canon_012
home,descriptive home-away (equal-model),CN,pp,0.75,500,500,1,NA,468,16.015625,16.00862534008819,14.501938738927144,17.692758519788775,13.923413107659954,18.487002421279076,0.804708885415824,1.1978358002760827,1,1,2,0.598,0.904,p10-p90 and p2.5-p97.5 are ACROSS-SUBSAMPLE RANGES describing design stability. They are NOT confidence intervals and have no coverage interpretation.,"issue_id (without replacement, stratified, nested)",canon_012
home,descriptive home-away (equal-model),CN,pp,0.9,500,500,1,NA,563,16.015625,16.05154041380697,15.152569886254097,16.86940800701834,14.671875148550622,17.302795304937625,0.44494996220872274,0.6736062391592328,1,1,2,0.866,0.994,p10-p90 and p2.5-p97.5 are ACROSS-SUBSAMPLE RANGES describing design stability. They are NOT confidence intervals and have no coverage interpretation.,"issue_id (without replacement, stratified, nested)",canon_012
home,descriptive home-away (equal-model),CN,pp,1,1,1,1,NA,624,16.015625,16.015625,16.015625,16.015625,16.015625,16.015625,0,0,1,1,2,1,1,p10-p90 and p2.5-p97.5 are ACROSS-SUBSAMPLE RANGES describing design stability. They are NOT confidence intervals and have no coverage interpretation.,"issue_id (without replacement, stratified, nested)",canon_012
home,descriptive home-away (equal-model),EU,pp,0.1,500,500,1,NA,64,0,0,0,0,0,0,0,0,1,1,2,1,1,p10-p90 and p2.5-p97.5 are ACROSS-SUBSAMPLE RANGES describing design stability. They are NOT confidence intervals and have no coverage interpretation.,"issue_id (without replacement, stratified, nested)",canon_012
home,descriptive home-away (equal-model),EU,pp,0.2,500,500,1,NA,126,0,0,0,0,0,0,0,0,1,1,2,1,1,p10-p90 and p2.5-p97.5 are ACROSS-SUBSAMPLE RANGES describing design stability. They are NOT confidence intervals and have no coverage interpretation.,"issue_id (without replacement, stratified, nested)",canon_012
home,descriptive home-away (equal-model),EU,pp,0.3,500,500,1,NA,189,0,0,0,0,0,0,0,0,1,1,2,1,1,p10-p90 and p2.5-p97.5 are ACROSS-SUBSAMPLE RANGES describing design stability. They are NOT confidence intervals and have no coverage interpretation.,"issue_id (without replacement, stratified, nested)",canon_012
home,descriptive home-away (equal-model),EU,pp,0.4,500,500,1,NA,251,0,0,0,0,0,0,0,0,1,1,2,1,1,p10-p90 and p2.5-p97.5 are ACROSS-SUBSAMPLE RANGES describing design stability. They are NOT confidence intervals and have no coverage interpretation.,"issue_id (without replacement, stratified, nested)",canon_012
home,descriptive home-away (equal-model),EU,pp,0.5,500,500,1,NA,312,0,0,0,0,0,0,0,0,1,1,2,1,1,p10-p90 and p2.5-p97.5 are ACROSS-SUBSAMPLE RANGES describing design stability. They are NOT confidence intervals and have no coverage interpretation.,"issue_id (without replacement, stratified, nested)",canon_012
home,descriptive home-away (equal-model),EU,pp,0.6,500,500,1,NA,376,0,0,0,0,0,0,0,0,1,1,2,1,1,p10-p90 and p2.5-p97.5 are ACROSS-SUBSAMPLE RANGES describing design stability. They are NOT confidence intervals and have no coverage interpretation.,"issue_id (without replacement, stratified, nested)",canon_012
home,descriptive home-away (equal-model),EU,pp,0.75,500,500,1,NA,468,0,0,0,0,0,0,0,0,1,1,2,1,1,p10-p90 and p2.5-p97.5 are ACROSS-SUBSAMPLE RANGES describing design stability. They are NOT confidence intervals and have no coverage interpretation.,"issue_id (without replacement, stratified, nested)",canon_012
home,descriptive home-away (equal-model),EU,pp,0.9,500,500,1,NA,563,0,0,0,0,0,0,0,0,1,1,2,1,1,p10-p90 and p2.5-p97.5 are ACROSS-SUBSAMPLE RANGES describing design stability. They are NOT confidence intervals and have no coverage interpretation.,"issue_id (without replacement, stratified, nested)",canon_012
home,descriptive home-away (equal-model),EU,pp,1,1,1,1,NA,624,0,0,0,0,0,0,0,0,1,1,2,1,1,p10-p90 and p2.5-p97.5 are ACROSS-SUBSAMPLE RANGES describing design stability. They are NOT confidence intervals and have no coverage interpretation.,"issue_id (without replacement, stratified, nested)",canon_012
home,descriptive home-away (equal-model),India,pp,0.1,500,500,1,NA,64,0.9458989805375351,0.9413268172115491,-5.004158004158004,7.1841491841491845,-7.547377802795759,11.632621121393575,3.263143106893107,4.910385589592896,0.584,1,2,0.166,0.35,p10-p90 and p2.5-p97.5 are ACROSS-SUBSAMPLE RANGES describing design stability. They are NOT confidence intervals and have no coverage interpretation.,"issue_id (without replacement, stratified, nested)",canon_012
home,descriptive home-away (equal-model),India,pp,0.2,500,500,1,NA,126,0.9458989805375351,1.1770282298726253,-2.88661554072513,5.116008487987342,-4.601102941176471,8.004669540229884,1.993758091917518,3.1917229038236736,0.642,1,2,0.248,0.5,p10-p90 and p2.5-p97.5 are ACROSS-SUBSAMPLE RANGES describing design stability. They are NOT confidence intervals and have no coverage interpretation.,"issue_id (without replacement, stratified, nested)",canon_012
home,descriptive home-away (equal-model),India,pp,0.3,500,500,1,NA,189,0.9458989805375351,1.1309822622163839,-1.9796626984126982,4.37568820950468,-3.4478190746219592,5.943427844622695,1.7013596758715166,2.4654115033795123,0.686,1,2,0.332,0.59,p10-p90 and p2.5-p97.5 are ACROSS-SUBSAMPLE RANGES describing design stability. They are NOT confidence intervals and have no coverage interpretation.,"issue_id (without replacement, stratified, nested)",canon_012
home,descriptive home-away (equal-model),India,pp,0.4,500,500,1,NA,251,0.9458989805375351,1.0833026238015464,-1.4111365040316823,3.5830954612705614,-2.7097155800444117,5.082562490827856,1.2678140504878117,1.9593874995096818,0.706,1,2,0.394,0.708,p10-p90 and p2.5-p97.5 are ACROSS-SUBSAMPLE RANGES describing design stability. They are NOT confidence intervals and have no coverage interpretation.,"issue_id (without replacement, stratified, nested)",canon_012
home,descriptive home-away (equal-model),India,pp,0.5,500,500,1,NA,312,0.9458989805375351,0.9657825625528395,-0.8533279728401685,3.1063917844273283,-1.945456054223981,4.213980096805504,1.117225754201754,1.6183130311867662,0.738,1,2,0.44,0.802,p10-p90 and p2.5-p97.5 are ACROSS-SUBSAMPLE RANGES describing design stability. They are NOT confidence intervals and have no coverage interpretation.,"issue_id (without replacement, stratified, nested)",canon_012
home,descriptive home-away (equal-model),India,pp,0.6,500,500,1,NA,376,0.9458989805375351,1.0315439525330476,-0.5942865512458747,2.7789023021134196,-1.4256157586988976,3.4508248086173015,0.8906381971783659,1.298509183371896,0.796,1,2,0.552,0.868,p10-p90 and p2.5-p97.5 are ACROSS-SUBSAMPLE RANGES describing design stability. They are NOT confidence intervals and have no coverage interpretation.,"issue_id (without replacement, stratified, nested)",canon_012
home,descriptive home-away (equal-model),India,pp,0.75,500,500,1,NA,468,0.9458989805375351,1.0417503103836059,-0.22205841102343754,2.1179342570618154,-0.8329399924712859,2.7076563232554305,0.6629411840635073,0.9183423907291263,0.848,1,2,0.714,0.97,p10-p90 and p2.5-p97.5 are ACROSS-SUBSAMPLE RANGES describing design stability. They are NOT confidence intervals and have no coverage interpretation.,"issue_id (without replacement, stratified, nested)",canon_012
home,descriptive home-away (equal-model),India,pp,0.9,500,500,1,NA,563,0.9458989805375351,1.0375906053932842,0.306687484422475,1.6274224594863322,-0.025747130672809475,1.9497588491084892,0.33377311252093056,0.510433702802089,0.974,1,2,0.95,1,p10-p90 and p2.5-p97.5 are ACROSS-SUBSAMPLE RANGES describing design stability. They are NOT confidence intervals and have no coverage interpretation.,"issue_id (without replacement, stratified, nested)",canon_012
home,descriptive home-away (equal-model),India,pp,1,1,1,1,NA,624,0.9458989805375351,0.9458989805375351,0.9458989805375351,0.9458989805375351,0.9458989805375351,0.9458989805375351,0,0,1,1,2,1,1,p10-p90 and p2.5-p97.5 are ACROSS-SUBSAMPLE RANGES describing design stability. They are NOT confidence intervals and have no coverage interpretation.,"issue_id (without replacement, stratified, nested)",canon_012
home,descriptive home-away (equal-model),MENA,pp,0.1,500,500,1,NA,64,5.869391025641024,5.872289820520894,0.8302879291251384,11.895250582750583,-1.6912878787878796,15.198227190605238,2.7783720819664337,4.39767455268356,0.936,1,2,0.176,0.358,p10-p90 and p2.5-p97.5 are ACROSS-SUBSAMPLE RANGES describing design stability. They are NOT confidence intervals and have no coverage interpretation.,"issue_id (without replacement, stratified, nested)",canon_012
home,descriptive home-away (equal-model),MENA,pp,0.2,500,500,1,NA,126,5.869391025641024,5.98864953611789,2.455060103398711,9.649644945697577,0.8446073176095444,11.502828874024523,1.989263652396302,2.846646587262355,0.99,1,2,0.244,0.508,p10-p90 and p2.5-p97.5 are ACROSS-SUBSAMPLE RANGES describing design stability. They are NOT confidence intervals and have no coverage interpretation.,"issue_id (without replacement, stratified, nested)",canon_012
home,descriptive home-away (equal-model),MENA,pp,0.3,500,500,1,NA,189,5.869391025641024,6.011988467850673,3.28990672352183,8.588885571644195,1.6763118551329743,10.552655677655675,1.3881891515623872,2.1247490837841845,0.998,1,2,0.366,0.67,p10-p90 and p2.5-p97.5 are ACROSS-SUBSAMPLE RANGES describing design stability. They are NOT confidence intervals and have no coverage interpretation.,"issue_id (without replacement, stratified, nested)",canon_012
home,descriptive home-away (equal-model),MENA,pp,0.4,500,500,1,NA,251,5.869391025641024,5.975623344847195,3.553334882157657,8.001920485175201,2.5551080718607695,9.176082055921619,1.1601700873017915,1.717532146294159,1,1,2,0.438,0.752,p10-p90 and p2.5-p97.5 are ACROSS-SUBSAMPLE RANGES describing design stability. They are NOT confidence intervals and have no coverage interpretation.,"issue_id (without replacement, stratified, nested)",canon_012
home,descriptive home-away (equal-model),MENA,pp,0.5,500,500,1,NA,312,5.869391025641024,6.030786621027914,4.0398120151487396,7.7689958894961375,3.3042150965950006,8.52438319336217,1.0756114529554588,1.4269680046076494,1,1,2,0.466,0.846,p10-p90 and p2.5-p97.5 are ACROSS-SUBSAMPLE RANGES describing design stability. They are NOT confidence intervals and have no coverage interpretation.,"issue_id (without replacement, stratified, nested)",canon_012
home,descriptive home-away (equal-model),MENA,pp,0.6,500,500,1,NA,376,5.869391025641024,5.935359832900817,4.363259911004004,7.361004593309493,3.5073548314534526,7.999111702175903,0.8185137646089977,1.1665721363421073,1,1,2,0.582,0.926,p10-p90 and p2.5-p97.5 are ACROSS-SUBSAMPLE RANGES describing design stability. They are NOT confidence intervals and have no coverage interpretation.,"issue_id (without replacement, stratified, nested)",canon_012
home,descriptive home-away (equal-model),MENA,pp,0.75,500,500,1,NA,468,5.869391025641024,5.856406665220506,4.846795123558909,6.977277749626166,4.309419206141017,7.448837680518714,0.5937573156357896,0.8380899367646591,1,1,2,0.766,0.988,p10-p90 and p2.5-p97.5 are ACROSS-SUBSAMPLE RANGES describing design stability. They are NOT confidence intervals and have no coverage interpretation.,"issue_id (without replacement, stratified, nested)",canon_012
home,descriptive home-away (equal-model),MENA,pp,0.9,500,500,1,NA,563,5.869391025641024,5.900920775638644,5.26839347594351,6.516728851886115,4.895698374357796,6.807934234106771,0.35821318962694226,0.5039347524068529,1,1,2,0.962,0.998,p10-p90 and p2.5-p97.5 are ACROSS-SUBSAMPLE RANGES describing design stability. They are NOT confidence intervals and have no coverage interpretation.,"issue_id (without replacement, stratified, nested)",canon_012
home,descriptive home-away (equal-model),MENA,pp,1,1,1,1,NA,624,5.869391025641024,5.869391025641024,5.869391025641024,5.869391025641024,5.869391025641024,5.869391025641024,0,0,1,1,2,1,1,p10-p90 and p2.5-p97.5 are ACROSS-SUBSAMPLE RANGES describing design stability. They are NOT confidence intervals and have no coverage interpretation.,"issue_id (without replacement, stratified, nested)",canon_012
home,descriptive home-away (equal-model),US,pp,0.1,500,500,1,NA,64,-0.8867344696794486,-1.446354033563336,-3.859002256608639,2.8422619047619055,-4.824234669510952,5.265665374677003,1.9441327328913143,2.661312420544173,0.674,1,2,0.276,0.52,p10-p90 and p2.5-p97.5 are ACROSS-SUBSAMPLE RANGES describing design stability. They are NOT confidence intervals and have no coverage interpretation.,"issue_id (without replacement, stratified, nested)",canon_012
home,descriptive home-away (equal-model),US,pp,0.2,500,500,1,NA,126,-0.8867344696794486,-1.1277732394548825,-3.0140383469187815,1.4627820096570106,-3.872307938814786,2.2820002499301646,1.2921044194685285,1.7461274280245576,0.706,1,2,0.402,0.73,p10-p90 and p2.5-p97.5 are ACROSS-SUBSAMPLE RANGES describing design stability. They are NOT confidence intervals and have no coverage interpretation.,"issue_id (without replacement, stratified, nested)",canon_012
home,descriptive home-away (equal-model),US,pp,0.3,500,500,1,NA,189,-0.8867344696794486,-0.9708787072762459,-2.447121019120073,0.8943873749201624,-3.0833644428593914,1.7727467589599937,0.8644168345191916,1.2768503802499287,0.768,1,2,0.56,0.882,p10-p90 and p2.5-p97.5 are ACROSS-SUBSAMPLE RANGES describing design stability. They are NOT confidence intervals and have no coverage interpretation.,"issue_id (without replacement, stratified, nested)",canon_012
home,descriptive home-away (equal-model),US,pp,0.4,500,500,1,NA,251,-0.8867344696794486,-0.8532218463060344,-2.11999684328278,0.3801695088884821,-2.789243032862311,1.2854040416196626,0.7010761732229123,1.0333383833685128,0.808,1,2,0.666,0.948,p10-p90 and p2.5-p97.5 are ACROSS-SUBSAMPLE RANGES describing design stability. They are NOT confidence intervals and have no coverage interpretation.,"issue_id (without replacement, stratified, nested)",canon_012
home,descriptive home-away (equal-model),US,pp,0.5,500,500,1,NA,312,-0.8867344696794486,-0.7711526025506326,-1.9379660473948832,0.14992658006479254,-2.3983825761462074,0.714812190399314,0.5541680130690793,0.8326884651257592,0.838,1,2,0.77,0.98,p10-p90 and p2.5-p97.5 are ACROSS-SUBSAMPLE RANGES describing design stability. They are NOT confidence intervals and have no coverage interpretation.,"issue_id (without replacement, stratified, nested)",canon_012
home,descriptive home-away (equal-model),US,pp,0.6,500,500,1,NA,376,-0.8867344696794486,-0.8195919495098535,-1.7516866941292901,-0.03210757846993736,-2.132570171847012,0.43662590847843896,0.4478215564804926,0.66609156076818965,0.912,1,2,0.856,0.998,p10-p90 and p2.5-p97.5 are ACROSS-SUBSAMPLE RANGES describing design stability. They are NOT confidence intervals and have no coverage interpretation.,"issue_id (without replacement, stratified, nested)",canon_012
home,descriptive home-away (equal-model),US,pp,0.75,500,500,1,NA,468,-0.8867344696794486,-0.8836853967115685,-1.4452847161975921,-0.3061452480557006,-1.859784851488738,-0.023326725443023694,0.32185073168152534,0.465747499164955,0.978,1,2,0.966,1,p10-p90 and p2.5-p97.5 are ACROSS-SUBSAMPLE RANGES describing design stability. They are NOT confidence intervals and have no coverage interpretation.,"issue_id (without replacement, stratified, nested)",canon_012
home,descriptive home-away (equal-model),US,pp,0.9,500,500,1,NA,563,-0.8867344696794486,-0.8306960431485324,-1.2431407181685972,-0.5810187331610506,-1.5014503457488007,-0.4598314139986869,0.18834943391043746,0.2774433732299589,1,1,2,0.994,1,p10-p90 and p2.5-p97.5 are ACROSS-SUBSAMPLE RANGES describing design stability. They are NOT confidence intervals and have no coverage interpretation.,"issue_id (without replacement, stratified, nested)",canon_012
home,descriptive home-away (equal-model),US,pp,1,1,1,1,NA,624,-0.8867344696794486,-0.8867344696794486,-0.8867344696794486,-0.8867344696794486,-0.8867344696794486,-0.8867344696794486,0,0,1,1,2,1,1,p10-p90 and p2.5-p97.5 are ACROSS-SUBSAMPLE RANGES describing design stability. They are NOT confidence intervals and have no coverage interpretation.,"issue_id (without replacement, stratified, nested)",canon_012
home,standardized home-away (full target),CN,pp,0.1,500,499,0.998,0.998,64,16.47950003466695,18.732103986853748,4.314315331431802,53.3833187329107,-0.30885140602889793,64.352626991953,9.494071617635885,19.692619187066295,0.969939879759519,1,2,0.04809619238476954,0.09819639278557114,p10-p90 and p2.5-p97.5 are ACROSS-SUBSAMPLE RANGES describing design stability. They are NOT confidence intervals and have no coverage interpretation.,"issue_id (without replacement, stratified, nested)",canon_012
home,standardized home-away (full target),CN,pp,0.2,500,500,1,1,126,16.47950003466695,17.164198469749856,7.705911947914891,31.57612556778216,4.67833851767233,53.08988483832863,5.668865136280674,11.584607711090037,1,1,2,0.094,0.17,p10-p90 and p2.5-p97.5 are ACROSS-SUBSAMPLE RANGES describing design stability. They are NOT confidence intervals and have no coverage interpretation.,"issue_id (without replacement, stratified, nested)",canon_012
home,standardized home-away (full target),CN,pp,0.3,500,500,1,1,189,16.47950003466695,16.67139304142085,9.69415796507792,26.44948826962569,6.939868744309695,31.816499159499585,4.325572110086494,6.80949557677328,1,1,2,0.136,0.274,p10-p90 and p2.5-p97.5 are ACROSS-SUBSAMPLE RANGES describing design stability. They are NOT confidence intervals and have no coverage interpretation.,"issue_id (without replacement, stratified, nested)",canon_012
home,standardized home-away (full target),CN,pp,0.4,500,500,1,1,251,16.47950003466695,16.45152816832144,10.863089874188606,23.14753944999103,8.760768051208455,27.99406927760947,3.386987543226194,5.000967806969637,1,1,2,0.166,0.304,p10-p90 and p2.5-p97.5 are ACROSS-SUBSAMPLE RANGES describing design stability. They are NOT confidence intervals and have no coverage interpretation.,"issue_id (without replacement, stratified, nested)",canon_012
home,standardized home-away (full target),CN,pp,0.5,500,500,1,1,312,16.47950003466695,16.33595545581188,11.680257958898745,21.972362643597663,9.338083026514097,25.734483286616573,2.7046992430767602,4.126315627226593,1,1,2,0.194,0.382,p10-p90 and p2.5-p97.5 are ACROSS-SUBSAMPLE RANGES describing design stability. They are NOT confidence intervals and have no coverage interpretation.,"issue_id (without replacement, stratified, nested)",canon_012
home,standardized home-away (full target),CN,pp,0.6,500,500,1,1,376,16.47950003466695,16.463105059045105,12.55744381345259,21.26698833716513,10.829361064340237,23.52842143092893,2.205509790129211,3.429339935011579,1,1,2,0.238,0.452,p10-p90 and p2.5-p97.5 are ACROSS-SUBSAMPLE RANGES describing design stability. They are NOT confidence intervals and have no coverage interpretation.,"issue_id (without replacement, stratified, nested)",canon_012
home,standardized home-away (full target),CN,pp,0.75,500,500,1,1,468,16.47950003466695,16.570313305596997,13.565196928315801,19.68238061067055,12.0961646482933,21.667326922446144,1.6298525798579444,2.4810742953878484,1,1,2,0.31,0.596,p10-p90 and p2.5-p97.5 are ACROSS-SUBSAMPLE RANGES describing design stability. They are NOT confidence intervals and have no coverage interpretation.,"issue_id (without replacement, stratified, nested)",canon_012
home,standardized home-away (full target),CN,pp,0.9,500,500,1,1,563,16.47950003466695,16.506529418353267,14.691008378393631,18.47275561600753,13.878032115931505,19.89371530800774,0.895377539239238,1.4840188323524128,1,1,2,0.55,0.826,p10-p90 and p2.5-p97.5 are ACROSS-SUBSAMPLE RANGES describing design stability. They are NOT confidence intervals and have no coverage interpretation.,"issue_id (without replacement, stratified, nested)",canon_012
home,standardized home-away (full target),CN,pp,1,1,1,1,1,624,16.47950003466695,16.47950003466695,16.47950003466695,16.47950003466695,16.47950003466695,16.47950003466695,0,0,1,1,2,1,1,p10-p90 and p2.5-p97.5 are ACROSS-SUBSAMPLE RANGES describing design stability. They are NOT confidence intervals and have no coverage interpretation.,"issue_id (without replacement, stratified, nested)",canon_012
home,standardized home-away (full target),EU,pp,0.1,500,0,0,NA,64,NA,NA,NA,NA,NA,NA,NA,NA,NA,1,2,NA,NA,p10-p90 and p2.5-p97.5 are ACROSS-SUBSAMPLE RANGES describing design stability. They are NOT confidence intervals and have no coverage interpretation.,"issue_id (without replacement, stratified, nested)",canon_012
home,standardized home-away (full target),EU,pp,0.2,500,0,0,NA,126,NA,NA,NA,NA,NA,NA,NA,NA,NA,1,2,NA,NA,p10-p90 and p2.5-p97.5 are ACROSS-SUBSAMPLE RANGES describing design stability. They are NOT confidence intervals and have no coverage interpretation.,"issue_id (without replacement, stratified, nested)",canon_012
home,standardized home-away (full target),EU,pp,0.3,500,0,0,NA,189,NA,NA,NA,NA,NA,NA,NA,NA,NA,1,2,NA,NA,p10-p90 and p2.5-p97.5 are ACROSS-SUBSAMPLE RANGES describing design stability. They are NOT confidence intervals and have no coverage interpretation.,"issue_id (without replacement, stratified, nested)",canon_012
home,standardized home-away (full target),EU,pp,0.4,500,0,0,NA,251,NA,NA,NA,NA,NA,NA,NA,NA,NA,1,2,NA,NA,p10-p90 and p2.5-p97.5 are ACROSS-SUBSAMPLE RANGES describing design stability. They are NOT confidence intervals and have no coverage interpretation.,"issue_id (without replacement, stratified, nested)",canon_012
home,standardized home-away (full target),EU,pp,0.5,500,0,0,NA,312,NA,NA,NA,NA,NA,NA,NA,NA,NA,1,2,NA,NA,p10-p90 and p2.5-p97.5 are ACROSS-SUBSAMPLE RANGES describing design stability. They are NOT confidence intervals and have no coverage interpretation.,"issue_id (without replacement, stratified, nested)",canon_012
home,standardized home-away (full target),EU,pp,0.6,500,0,0,NA,376,NA,NA,NA,NA,NA,NA,NA,NA,NA,1,2,NA,NA,p10-p90 and p2.5-p97.5 are ACROSS-SUBSAMPLE RANGES describing design stability. They are NOT confidence intervals and have no coverage interpretation.,"issue_id (without replacement, stratified, nested)",canon_012
home,standardized home-away (full target),EU,pp,0.75,500,0,0,NA,468,NA,NA,NA,NA,NA,NA,NA,NA,NA,1,2,NA,NA,p10-p90 and p2.5-p97.5 are ACROSS-SUBSAMPLE RANGES describing design stability. They are NOT confidence intervals and have no coverage interpretation.,"issue_id (without replacement, stratified, nested)",canon_012
home,standardized home-away (full target),EU,pp,0.9,500,0,0,NA,563,NA,NA,NA,NA,NA,NA,NA,NA,NA,1,2,NA,NA,p10-p90 and p2.5-p97.5 are ACROSS-SUBSAMPLE RANGES describing design stability. They are NOT confidence intervals and have no coverage interpretation.,"issue_id (without replacement, stratified, nested)",canon_012
home,standardized home-away (full target),EU,pp,1,1,0,0,NA,624,NA,NA,NA,NA,NA,NA,NA,NA,NA,1,2,NA,NA,p10-p90 and p2.5-p97.5 are ACROSS-SUBSAMPLE RANGES describing design stability. They are NOT confidence intervals and have no coverage interpretation.,"issue_id (without replacement, stratified, nested)",canon_012
home,standardized home-away (full target),India,pp,0.1,500,457,0.914,1,64,-3.0681781328540083,-2.6832293157832114,-8.611703820632826,5.034211706728161,-12.501822432824238,15.063159459177108,3.3467086046654644,7.300905756733197,0.7111597374179431,1,2,0.17286652078774617,0.3150984682713348,p10-p90 and p2.5-p97.5 are ACROSS-SUBSAMPLE RANGES describing design stability. They are NOT confidence intervals and have no coverage interpretation.,"issue_id (without replacement, stratified, nested)",canon_012
home,standardized home-away (full target),India,pp,0.2,500,498,0.996,1,126,-3.0681781328540083,-2.9951054994196333,-6.4035733898126885,1.312160141128114,-8.83552687770659,3.6325290154907983,2.012666779860272,3.1620677335853853,0.8092369477911646,1,2,0.28313253012048195,0.4979919678714859,p10-p90 and p2.5-p97.5 are ACROSS-SUBSAMPLE RANGES describing design stability. They are NOT confidence intervals and have no coverage interpretation.,"issue_id (without replacement, stratified, nested)",canon_012
home,standardized home-away (full target),India,pp,0.3,500,500,1,1,189,-3.0681781328540083,-2.8651965235125703,-5.755328126465273,0.249259536827451,-7.352551942321602,2.2369641092898602,1.5881463896766919,2.425260565872655,0.88,1,2,0.328,0.602,p10-p90 and p2.5-p97.5 are ACROSS-SUBSAMPLE RANGES describing design stability. They are NOT confidence intervals and have no coverage interpretation.,"issue_id (without replacement, stratified, nested)",canon_012
home,standardized home-away (full target),India,pp,0.4,500,500,1,1,251,-3.0681781328540083,-2.8486505486186005,-5.39447644818858,-0.4768793784168896,-6.536017677669647,0.6698095447399914,1.2503186486689084,1.8714799820574273,0.944,1,2,0.408,0.704,p10-p90 and p2.5-p97.5 are ACROSS-SUBSAMPLE RANGES describing design stability. They are NOT confidence intervals and have no coverage interpretation.,"issue_id (without replacement, stratified, nested)",canon_012
home,standardized home-away (full target),India,pp,0.5,500,500,1,1,312,-3.0681781328540083,-3.0232186622402657,-4.724544583477777,-0.9778044990921375,-6.035641052321345,0.15909197358797858,1.0783664510388857,1.546167980139972,0.966,1,2,0.478,0.81,p10-p90 and p2.5-p97.5 are ACROSS-SUBSAMPLE RANGES describing design stability. They are NOT confidence intervals and have no coverage interpretation.,"issue_id (without replacement, stratified, nested)",canon_012
home,standardized home-away (full target),India,pp,0.6,500,500,1,1,376,-3.0681781328540083,-2.9675533537556413,-4.593705959224531,-1.3453720466036905,-5.164522202882614,-0.7457305990341713,0.8755546420829838,1.2216532595349052,0.992,1,2,0.576,0.902,p10-p90 and p2.5-p97.5 are ACROSS-SUBSAMPLE RANGES describing design stability. They are NOT confidence intervals and have no coverage interpretation.,"issue_id (without replacement, stratified, nested)",canon_012
home,standardized home-away (full target),India,pp,0.75,500,500,1,1,468,-3.0681781328540083,-2.9770371867953,-4.019875951506063,-1.9683722483330417,-4.661129838970009,-1.4999367288130026,0.5781931748665594,0.8393757680531149,0.998,1,2,0.77,0.98,p10-p90 and p2.5-p97.5 are ACROSS-SUBSAMPLE RANGES describing design stability. They are NOT confidence intervals and have no coverage interpretation.,"issue_id (without replacement, stratified, nested)",canon_012
home,standardized home-away (full target),India,pp,0.9,500,500,1,1,563,-3.0681781328540083,-3.004407464662547,-3.6548701890540003,-2.398664788584428,-4.016006203905776,-2.0707807294379115,0.3206081103364764,0.49089594790633323,1,1,2,0.956,1,p10-p90 and p2.5-p97.5 are ACROSS-SUBSAMPLE RANGES describing design stability. They are NOT confidence intervals and have no coverage interpretation.,"issue_id (without replacement, stratified, nested)",canon_012
home,standardized home-away (full target),India,pp,1,1,1,1,1,624,-3.0681781328540083,-3.0681781328540083,-3.0681781328540083,-3.0681781328540083,-3.0681781328540083,-3.0681781328540083,0,0,1,1,2,1,1,p10-p90 and p2.5-p97.5 are ACROSS-SUBSAMPLE RANGES describing design stability. They are NOT confidence intervals and have no coverage interpretation.,"issue_id (without replacement, stratified, nested)",canon_012
home,standardized home-away (full target),MENA,pp,0.1,500,500,1,1,64,3.755812762623567,4.275331317310626,-0.6603281623604859,10.674744897463405,-3.683135953520089,15.808653906832786,2.9302622376887686,4.817760064757271,0.864,1,2,0.184,0.366,p10-p90 and p2.5-p97.5 are ACROSS-SUBSAMPLE RANGES describing design stability. They are NOT confidence intervals and have no coverage interpretation.,"issue_id (without replacement, stratified, nested)",canon_012
home,standardized home-away (full target),MENA,pp,0.2,500,500,1,1,126,3.755812762623567,3.816641806983103,0.7558630032919903,7.691121717657764,-0.6659564246447672,10.01433806831863,1.8650162546935802,2.7464874658895173,0.946,1,2,0.284,0.54,p10-p90 and p2.5-p97.5 are ACROSS-SUBSAMPLE RANGES describing design stability. They are NOT confidence intervals and have no coverage interpretation.,"issue_id (without replacement, stratified, nested)",canon_012
home,standardized home-away (full target),MENA,pp,0.3,500,500,1,1,189,3.755812762623567,3.959496606533185,1.2690104495882197,6.289660060121041,0.33123278593651967,7.638321063815869,1.3502434282675297,1.9108118564264813,0.986,1,2,0.372,0.708,p10-p90 and p2.5-p97.5 are ACROSS-SUBSAMPLE RANGES describing design stability. They are NOT confidence intervals and have no coverage interpretation.,"issue_id (without replacement, stratified, nested)",canon_012
home,standardized home-away (full target),MENA,pp,0.4,500,500,1,1,251,3.755812762623567,3.8593637887446306,1.9692442866079947,5.6451856641200475,0.9745300508225315,6.650248754505652,0.9956448264785955,1.444374551601419,1,1,2,0.502,0.832,p10-p90 and p2.5-p97.5 are ACROSS-SUBSAMPLE RANGES describing design stability. They are NOT confidence intervals and have no coverage interpretation.,"issue_id (without replacement, stratified, nested)",canon_012
home,standardized home-away (full target),MENA,pp,0.5,500,500,1,1,312,3.755812762623567,3.883330133352143,2.376581373769623,5.378172376391625,1.7905059135265449,6.094173586429039,0.741293526359446,1.138413631069839,1,1,2,0.628,0.926,p10-p90 and p2.5-p97.5 are ACROSS-SUBSAMPLE RANGES describing design stability. They are NOT confidence intervals and have no coverage interpretation.,"issue_id (without replacement, stratified, nested)",canon_012
home,standardized home-away (full target),MENA,pp,0.6,500,500,1,1,376,3.755812762623567,3.769564989423296,2.6525300267263607,5.012538370447214,1.9728656682993557,5.642625134780628,0.6245141254450486,0.9378502462134317,1,1,2,0.724,0.974,p10-p90 and p2.5-p97.5 are ACROSS-SUBSAMPLE RANGES describing design stability. They are NOT confidence intervals and have no coverage interpretation.,"issue_id (without replacement, stratified, nested)",canon_012
home,standardized home-away (full target),MENA,pp,0.75,500,500,1,1,468,3.755812762623567,3.781742681957792,2.867737419378906,4.685401836876414,2.421563706179958,5.149059513523451,0.5024556318810878,0.7205268490664238,1,1,2,0.846,0.996,p10-p90 and p2.5-p97.5 are ACROSS-SUBSAMPLE RANGES describing design stability. They are NOT confidence intervals and have no coverage interpretation.,"issue_id (without replacement, stratified, nested)",canon_012
home,standardized home-away (full target),MENA,pp,0.9,500,500,1,1,563,3.755812762623567,3.775635576743892,3.2110707251596553,4.294108524113718,2.957771772278518,4.592263842416345,0.2834536238467611,0.42680504685477527,1,1,2,0.98,1,p10-p90 and p2.5-p97.5 are ACROSS-SUBSAMPLE RANGES describing design stability. They are NOT confidence intervals and have no coverage interpretation.,"issue_id (without replacement, stratified, nested)",canon_012
home,standardized home-away (full target),MENA,pp,1,1,1,1,1,624,3.755812762623567,3.755812762623567,3.755812762623567,3.755812762623567,3.755812762623567,3.755812762623567,0,0,1,1,2,1,1,p10-p90 and p2.5-p97.5 are ACROSS-SUBSAMPLE RANGES describing design stability. They are NOT confidence intervals and have no coverage interpretation.,"issue_id (without replacement, stratified, nested)",canon_012
home,standardized home-away (full target),US,pp,0.1,500,429,0.858,1,64,1.879257372329217,1.543753873784979,-2.4256238746732848,9.889745036145564,-4.399872707671712,17.321211768727313,3.170403765238458,5.974490675585988,0.6410256410256411,1,2,0.18181818181818182,0.29836829836829837,p10-p90 and p2.5-p97.5 are ACROSS-SUBSAMPLE RANGES describing design stability. They are NOT confidence intervals and have no coverage interpretation.,"issue_id (without replacement, stratified, nested)",canon_012
home,standardized home-away (full target),US,pp,0.2,500,488,0.976,1,126,1.879257372329217,1.5767212894227778,-1.633856000413945,5.884589451890971,-2.6406832939933773,8.640860427303936,2.139531246383764,3.031342819410052,0.6844262295081968,1,2,0.2581967213114754,0.4692622950819672,p10-p90 and p2.5-p97.5 are ACROSS-SUBSAMPLE RANGES describing design stability. They are NOT confidence intervals and have no coverage interpretation.,"issue_id (without replacement, stratified, nested)",canon_012
home,standardized home-away (full target),US,pp,0.3,500,500,1,1,189,1.879257372329217,1.6542940904783787,-0.9615277404781519,4.892021976359987,-2.065933390592638,6.182191786553325,1.4924417196683923,2.1736545810831767,0.794,1,2,0.338,0.622,p10-p90 and p2.5-p97.5 are ACROSS-SUBSAMPLE RANGES describing design stability. They are NOT confidence intervals and have no coverage interpretation.,"issue_id (without replacement, stratified, nested)",canon_012
home,standardized home-away (full target),US,pp,0.4,500,500,1,1,251,1.879257372329217,1.8030773235598434,-0.2554905600148434,4.195208014559997,-1.294809301666609,5.653152210036717,1.1929453520044264,1.820412191492035,0.87,1,2,0.438,0.724,p10-p90 and p2.5-p97.5 are ACROSS-SUBSAMPLE RANGES describing design stability. They are NOT confidence intervals and have no coverage interpretation.,"issue_id (without replacement, stratified, nested)",canon_012
home,standardized home-away (full target),US,pp,0.5,500,500,1,1,312,1.879257372329217,2.0459012097516736,0.07587128579561772,3.8491708868735004,-0.9600997220134053,4.712949660020232,0.9959504614559052,1.4680218636793496,0.91,1,2,0.5,0.832,p10-p90 and p2.5-p97.5 are ACROSS-SUBSAMPLE RANGES describing design stability. They are NOT confidence intervals and have no coverage interpretation.,"issue_id (without replacement, stratified, nested)",canon_012
home,standardized home-away (full target),US,pp,0.6,500,500,1,1,376,1.879257372329217,1.9656656538084814,0.43505082753658664,3.501391393201967,-0.38334622929993883,4.082364688178889,0.7544075818128896,1.1501371045800084,0.948,1,2,0.616,0.918,p10-p90 and p2.5-p97.5 are ACROSS-SUBSAMPLE RANGES describing design stability. They are NOT confidence intervals and have no coverage interpretation.,"issue_id (without replacement, stratified, nested)",canon_012
home,standardized home-away (full target),US,pp,0.75,500,500,1,1,468,1.879257372329217,1.9173865479561405,0.9255733903938427,2.991743781989012,0.160107480088034,3.487827131793447,0.5380607833387236,0.8166803737836087,0.98,1,2,0.802,0.978,p10-p90 and p2.5-p97.5 are ACROSS-SUBSAMPLE RANGES describing design stability. They are NOT confidence intervals and have no coverage interpretation.,"issue_id (without replacement, stratified, nested)",canon_012
home,standardized home-away (full target),US,pp,0.9,500,500,1,1,563,1.879257372329217,1.9807624356979554,1.2328857369477402,2.440648923916048,0.7894057938681748,2.672350251719563,0.31252030441956835,0.4956381843862561,0.996,1,2,0.956,0.998,p10-p90 and p2.5-p97.5 are ACROSS-SUBSAMPLE RANGES describing design stability. They are NOT confidence intervals and have no coverage interpretation.,"issue_id (without replacement, stratified, nested)",canon_012
home,standardized home-away (full target),US,pp,1,1,1,1,1,624,1.879257372329217,1.879257372329217,1.879257372329217,1.879257372329217,1.879257372329217,1.879257372329217,0,0,1,1,2,1,1,p10-p90 and p2.5-p97.5 are ACROSS-SUBSAMPLE RANGES describing design stability. They are NOT confidence intervals and have no coverage interpretation.,"issue_id (without replacement, stratified, nested)",canon_012
ideology,equal-model share Authority,share_neg1,share,0.1,500,500,1,NA,64,0.1243270945886498,0.12126885462073714,0.07842695600051858,0.18233824402832668,0.05688622443663603,0.2164582764227186,0.027490131923063592,0.041666432590355545,1,0.02,0.05,0.354,0.79,p10-p90 and p2.5-p97.5 are ACROSS-SUBSAMPLE RANGES describing design stability. They are NOT confidence intervals and have no coverage interpretation.,"issue_id (without replacement, stratified, nested)",canon_012
ideology,equal-model share Authority,share_neg1,share,0.2,500,500,1,NA,126,0.1243270945886498,0.12221580254513306,0.0907961091102884,0.16061780390186908,0.07674993202168132,0.18887971510312712,0.019316057931053558,0.02770341314852458,1,0.02,0.05,0.522,0.932,p10-p90 and p2.5-p97.5 are ACROSS-SUBSAMPLE RANGES describing design stability. They are NOT confidence intervals and have no coverage interpretation.,"issue_id (without replacement, stratified, nested)",canon_012
ideology,equal-model share Authority,share_neg1,share,0.3,500,500,1,NA,189,0.1243270945886498,0.12275824563352203,0.09854416538785067,0.15092800787937571,0.08931278386862619,0.16753218872461972,0.014259865508026381,0.020510320406990603,1,0.02,0.05,0.666,0.98,p10-p90 and p2.5-p97.5 are ACROSS-SUBSAMPLE RANGES describing design stability. They are NOT confidence intervals and have no coverage interpretation.,"issue_id (without replacement, stratified, nested)",canon_012
ideology,equal-model share Authority,share_neg1,share,0.4,500,500,1,NA,251,0.1243270945886498,0.12412455215320845,0.10302146476029767,0.14390372094894763,0.0940865545156586,0.15615129686126766,0.010825734407435984,0.015939315910216946,1,0.02,0.05,0.79,0.998,p10-p90 and p2.5-p97.5 are ACROSS-SUBSAMPLE RANGES describing design stability. They are NOT confidence intervals and have no coverage interpretation.,"issue_id (without replacement, stratified, nested)",canon_012
ideology,equal-model share Authority,share_neg1,share,0.5,500,500,1,NA,312,0.1243270945886498,0.1243971044535407,0.10588852263556875,0.14027273129024978,0.0966730138984861,0.14980450933432746,0.008475594567266223,0.013410065318331705,1,0.02,0.05,0.856,1,p10-p90 and p2.5-p97.5 are ACROSS-SUBSAMPLE RANGES describing design stability. They are NOT confidence intervals and have no coverage interpretation.,"issue_id (without replacement, stratified, nested)",canon_012
ideology,equal-model share Authority,share_neg1,share,0.6,500,500,1,NA,376,0.1243270945886498,0.1243516757600409,0.10819467264447864,0.1385056120184897,0.10087679324466459,0.14374448098437162,0.0076028332323963554,0.011487540455012598,1,0.02,0.05,0.924,1,p10-p90 and p2.5-p97.5 are ACROSS-SUBSAMPLE RANGES describing design stability. They are NOT confidence intervals and have no coverage interpretation.,"issue_id (without replacement, stratified, nested)",canon_012
ideology,equal-model share Authority,share_neg1,share,0.75,500,500,1,NA,468,0.1243270945886498,0.12458516741432483,0.11395033188023351,0.13403313096981018,0.10639525883368783,0.13817062733247404,0.0053583001923929036,0.008053569425183187,1,0.02,0.05,0.98,1,p10-p90 and p2.5-p97.5 are ACROSS-SUBSAMPLE RANGES describing design stability. They are NOT confidence intervals and have no coverage interpretation.,"issue_id (without replacement, stratified, nested)",canon_012
ideology,equal-model share Authority,share_neg1,share,0.9,500,500,1,NA,563,0.1243270945886498,0.12471958865182706,0.11877321430872094,0.12961995481750835,0.11439895092331526,0.13157081260593495,0.002875281725817594,0.004372291168122549,1,0.02,0.05,1,1,p10-p90 and p2.5-p97.5 are ACROSS-SUBSAMPLE RANGES describing design stability. They are NOT confidence intervals and have no coverage interpretation.,"issue_id (without replacement, stratified, nested)",canon_012
ideology,equal-model share Authority,share_neg1,share,1,1,1,1,NA,624,0.1243270945886498,0.1243270945886498,0.1243270945886498,0.1243270945886498,0.1243270945886498,0.1243270945886498,0,0,1,0.02,0.05,1,1,p10-p90 and p2.5-p97.5 are ACROSS-SUBSAMPLE RANGES describing design stability. They are NOT confidence intervals and have no coverage interpretation.,"issue_id (without replacement, stratified, nested)",canon_012
ideology,equal-model share Authority,share_neg2,share,0.1,500,500,1,NA,64,0.006662137611534479,0.002529161584889139,0,0.015712434598304192,0,0.036264384972936686,0.006662137611534479,0.009670509397969195,0.604,0.02,0.05,0.926,1,p10-p90 and p2.5-p97.5 are ACROSS-SUBSAMPLE RANGES describing design stability. They are NOT confidence intervals and have no coverage interpretation.,"issue_id (without replacement, stratified, nested)",canon_012
ideology,equal-model share Authority,share_neg2,share,0.2,500,500,1,NA,126,0.006662137611534479,0.003921473135741917,0,0.01797750242853613,0,0.022682769457590447,0.004476917879336687,0.006626041869325292,0.87,0.02,0.05,0.994,1,p10-p90 and p2.5-p97.5 are ACROSS-SUBSAMPLE RANGES describing design stability. They are NOT confidence intervals and have no coverage interpretation.,"issue_id (without replacement, stratified, nested)",canon_012
ideology,equal-model share Authority,share_neg2,share,0.3,500,500,1,NA,189,0.006662137611534479,0.004539017397850594,0.0010025968367443699,0.014273537116760774,0,0.01670596367519331,0.0042412782633243756,0.005056888815839929,0.972,0.02,0.05,1,1,p10-p90 and p2.5-p97.5 are ACROSS-SUBSAMPLE RANGES describing design stability. They are NOT confidence intervals and have no coverage interpretation.,"issue_id (without replacement, stratified, nested)",canon_012
ideology,equal-model share Authority,share_neg2,share,0.4,500,500,1,NA,251,0.006662137611534479,0.005210460334508332,0.0016309205088216388,0.012191698614895916,7.082321214312126e-4,0.013945634251508847,0.0036423429633174785,0.004097002614443709,0.99,0.02,0.05,1,1,p10-p90 and p2.5-p97.5 are ACROSS-SUBSAMPLE RANGES describing design stability. They are NOT confidence intervals and have no coverage interpretation.,"issue_id (without replacement, stratified, nested)",canon_012
ideology,equal-model share Authority,share_neg2,share,0.5,500,500,1,NA,312,0.006662137611534479,0.006272436571518629,0.0021157813036307076,0.0111366905310298,9.328296490826919e-4,0.012381627495555561,0.0031561684196393944,0.003519603533694963,0.996,0.02,0.05,1,1,p10-p90 and p2.5-p97.5 are ACROSS-SUBSAMPLE RANGES describing design stability. They are NOT confidence intervals and have no coverage interpretation.,"issue_id (without replacement, stratified, nested)",canon_012
ideology,equal-model share Authority,share_neg2,share,0.6,500,500,1,NA,376,0.006662137611534479,0.007239376386757776,0.002664035601930784,0.010050423347355507,0.001513922138158997,0.010882610093666825,0.00246855095988274,0.002828599282146838,1,0.02,0.05,1,1,p10-p90 and p2.5-p97.5 are ACROSS-SUBSAMPLE RANGES describing design stability. They are NOT confidence intervals and have no coverage interpretation.,"issue_id (without replacement, stratified, nested)",canon_012
ideology,equal-model share Authority,share_neg2,share,0.75,500,500,1,NA,468,0.006662137611534479,0.007301459737928714,0.0035037490097880025,0.008664884517405023,0.0024757026034056156,0.009053195066905863,0.0015314484303805952,0.0019915008428700283,1,0.02,0.05,1,1,p10-p90 and p2.5-p97.5 are ACROSS-SUBSAMPLE RANGES describing design stability. They are NOT confidence intervals and have no coverage interpretation.,"issue_id (without replacement, stratified, nested)",canon_012
ideology,equal-model share Authority,share_neg2,share,0.9,500,500,1,NA,563,0.006662137611534479,0.007054476710735196,0.00457277926217846,0.007486465948343479,0.0036330276639689133,0.007649780639372985,5.94982884938216e-4,0.0010795826681111117,1,0.02,0.05,1,1,p10-p90 and p2.5-p97.5 are ACROSS-SUBSAMPLE RANGES describing design stability. They are NOT confidence intervals and have no coverage interpretation.,"issue_id (without replacement, stratified, nested)",canon_012
ideology,equal-model share Authority,share_neg2,share,1,1,1,1,NA,624,0.006662137611534479,0.006662137611534479,0.006662137611534479,0.006662137611534479,0.006662137611534479,0.006662137611534479,0,0,1,0.02,0.05,1,1,p10-p90 and p2.5-p97.5 are ACROSS-SUBSAMPLE RANGES describing design stability. They are NOT confidence intervals and have no coverage interpretation.,"issue_id (without replacement, stratified, nested)",canon_012
ideology,equal-model share Authority,share_pos1,share,0.1,500,500,1,NA,64,0.06318142816522468,0.06277010263162347,0.03610696652240546,0.09381984294042894,0.024921114751005953,0.1110569566316118,0.01583075332715065,0.02258884367225993,1,0.02,0.05,0.602,0.98,p10-p90 and p2.5-p97.5 are ACROSS-SUBSAMPLE RANGES describing design stability. They are NOT confidence intervals and have no coverage interpretation.,"issue_id (without replacement, stratified, nested)",canon_012
ideology,equal-model share Authority,share_pos1,share,0.2,500,500,1,NA,126,0.06318142816522468,0.06267157199288687,0.04249501208919112,0.08401422108389375,0.03460398164285648,0.09325755957723267,0.010254399152302154,0.015511012114116561,1,0.02,0.05,0.776,1,p10-p90 and p2.5-p97.5 are ACROSS-SUBSAMPLE RANGES describing design stability. They are NOT confidence intervals and have no coverage interpretation.,"issue_id (without replacement, stratified, nested)",canon_012
ideology,equal-model share Authority,share_pos1,share,0.3,500,500,1,NA,189,0.06318142816522468,0.0630289926641343,0.047313221962379734,0.07742358821361336,0.039966602567710854,0.08520095673287542,0.007694981354992563,0.011726177824562025,1,0.02,0.05,0.93,1,p10-p90 and p2.5-p97.5 are ACROSS-SUBSAMPLE RANGES describing design stability. They are NOT confidence intervals and have no coverage interpretation.,"issue_id (without replacement, stratified, nested)",canon_012
ideology,equal-model share Authority,share_pos1,share,0.4,500,500,1,NA,251,0.06318142816522468,0.06268877701414227,0.05097941979603554,0.0748151528717537,0.045581260052868396,0.08165955227793928,0.006516259389821918,0.009570713536017326,1,0.02,0.05,0.964,1,p10-p90 and p2.5-p97.5 are ACROSS-SUBSAMPLE RANGES describing design stability. They are NOT confidence intervals and have no coverage interpretation.,"issue_id (without replacement, stratified, nested)",canon_012
ideology,equal-model share Authority,share_pos1,share,0.5,500,500,1,NA,312,0.06318142816522468,0.06288277574933554,0.053321120236479884,0.07324982484563719,0.04862274927295534,0.07876697760136625,0.005489369208083926,0.00786172994551191,1,0.02,0.05,0.99,1,p10-p90 and p2.5-p97.5 are ACROSS-SUBSAMPLE RANGES describing design stability. They are NOT confidence intervals and have no coverage interpretation.,"issue_id (without replacement, stratified, nested)",canon_012
ideology,equal-model share Authority,share_pos1,share,0.6,500,500,1,NA,376,0.06318142816522468,0.06288325647941059,0.05508798877717236,0.07203517751445071,0.050393625090224756,0.07631982847338029,0.004538635514212162,0.006572864326535427,1,0.02,0.05,0.998,1,p10-p90 and p2.5-p97.5 are ACROSS-SUBSAMPLE RANGES describing design stability. They are NOT confidence intervals and have no coverage interpretation.,"issue_id (without replacement, stratified, nested)",canon_012
ideology,equal-model share Authority,share_pos1,share,0.75,500,500,1,NA,468,0.06318142816522468,0.0631446663512106,0.05732627752998539,0.0686016387186026,0.05393139732843615,0.07140030884990717,0.003036887989093476,0.004509112525922733,1,0.02,0.05,1,1,p10-p90 and p2.5-p97.5 are ACROSS-SUBSAMPLE RANGES describing design stability. They are NOT confidence intervals and have no coverage interpretation.,"issue_id (without replacement, stratified, nested)",canon_012
ideology,equal-model share Authority,share_pos1,share,0.9,500,500,1,NA,563,0.06318142816522468,0.06353060555270951,0.06015307767474378,0.0667200713579381,0.05862177145391576,0.06801679554517964,0.0016666893752921089,0.0024974340492384126,1,0.02,0.05,1,1,p10-p90 and p2.5-p97.5 are ACROSS-SUBSAMPLE RANGES describing design stability. They are NOT confidence intervals and have no coverage interpretation.,"issue_id (without replacement, stratified, nested)",canon_012
ideology,equal-model share Authority,share_pos1,share,1,1,1,1,NA,624,0.06318142816522468,0.06318142816522468,0.06318142816522468,0.06318142816522468,0.06318142816522468,0.06318142816522468,0,0,1,0.02,0.05,1,1,p10-p90 and p2.5-p97.5 are ACROSS-SUBSAMPLE RANGES describing design stability. They are NOT confidence intervals and have no coverage interpretation.,"issue_id (without replacement, stratified, nested)",canon_012
ideology,equal-model share Authority,share_pos2,share,0.1,500,500,1,NA,64,0.0010587139986765906,0,0,0.003230085084152072,0,0.007855831160823844,0.0010587139986765906,0.002133618605471078,0.168,0.02,0.05,1,1,p10-p90 and p2.5-p97.5 are ACROSS-SUBSAMPLE RANGES describing design stability. They are NOT confidence intervals and have no coverage interpretation.,"issue_id (without replacement, stratified, nested)",canon_012
ideology,equal-model share Authority,share_pos2,share,0.2,500,500,1,NA,126,0.0010587139986765906,0,0,0.0038737442451777723,0,0.005171620665333705,0.0010587139986765906,0.0016848413153187766,0.34,0.02,0.05,1,1,p10-p90 and p2.5-p97.5 are ACROSS-SUBSAMPLE RANGES describing design stability. They are NOT confidence intervals and have no coverage interpretation.,"issue_id (without replacement, stratified, nested)",canon_012
ideology,equal-model share Authority,share_pos2,share,0.3,500,500,1,NA,189,0.0010587139986765906,0,0,0.0029227308343271856,0,0.0036935348290509018,0.0010587139986765906,0.0012643542329280834,0.474,0.02,0.05,1,1,p10-p90 and p2.5-p97.5 are ACROSS-SUBSAMPLE RANGES describing design stability. They are NOT confidence intervals and have no coverage interpretation.,"issue_id (without replacement, stratified, nested)",canon_012
ideology,equal-model share Authority,share_pos2,share,0.4,500,500,1,NA,251,0.0010587139986765906,7.429310353760789e-4,0,0.002544541659202186,0,0.002809881644720383,0.0010587139986765906,0.0010067696603184698,0.62,0.02,0.05,1,1,p10-p90 and p2.5-p97.5 are ACROSS-SUBSAMPLE RANGES describing design stability. They are NOT confidence intervals and have no coverage interpretation.,"issue_id (without replacement, stratified, nested)",canon_012
ideology,equal-model share Authority,share_pos2,share,0.5,500,500,1,NA,312,0.0010587139986765906,6.778708042654534e-4,0,0.002126214281993201,0,0.002288423115293507,8.210131374522185e-4,8.237485958368582e-4,0.73,0.02,0.05,1,1,p10-p90 and p2.5-p97.5 are ACROSS-SUBSAMPLE RANGES describing design stability. They are NOT confidence intervals and have no coverage interpretation.,"issue_id (without replacement, stratified, nested)",canon_012
ideology,equal-model share Authority,share_pos2,share,0.6,500,500,1,NA,376,0.0010587139986765906,0.001234283859599348,0,0.0018113728770595516,0,0.0019186297455832612,5.915874702256778e-4,6.724806720915235e-4,0.828,0.02,0.05,1,1,p10-p90 and p2.5-p97.5 are ACROSS-SUBSAMPLE RANGES describing design stability. They are NOT confidence intervals and have no coverage interpretation.,"issue_id (without replacement, stratified, nested)",canon_012
ideology,equal-model share Authority,share_pos2,share,0.75,500,500,1,NA,468,0.0010587139986765906,0.001330557834155963,3.881056592494667e-4,0.0014562989835871054,0,0.0015183342064262655,3.634459170563217e-4,4.796928883768601e-4,0.934,0.02,0.05,1,1,p10-p90 and p2.5-p97.5 are ACROSS-SUBSAMPLE RANGES describing design stability. They are NOT confidence intervals and have no coverage interpretation.,"issue_id (without replacement, stratified, nested)",canon_012
ideology,equal-model share Authority,share_pos2,share,0.9,500,500,1,NA,563,0.0010587139986765906,0.0011644118268895243,8.327262958171031e-4,0.001209353782430574,3.2538829507707055e-4,0.0012269668648114162,1.2206901715534435e-4,2.470818321302889e-4,0.994,0.02,0.05,1,1,p10-p90 and p2.5-p97.5 are ACROSS-SUBSAMPLE RANGES describing design stability. They are NOT confidence intervals and have no coverage interpretation.,"issue_id (without replacement, stratified, nested)",canon_012
ideology,equal-model share Authority,share_pos2,share,1,1,1,1,NA,624,0.0010587139986765906,0.0010587139986765906,0.0010587139986765906,0.0010587139986765906,0.0010587139986765906,0.0010587139986765906,0,0,1,0.02,0.05,1,1,p10-p90 and p2.5-p97.5 are ACROSS-SUBSAMPLE RANGES describing design stability. They are NOT confidence intervals and have no coverage interpretation.,"issue_id (without replacement, stratified, nested)",canon_012
ideology,equal-model share Authority,share_zero,share,0.1,500,500,1,NA,64,0.8047706256359145,0.8058547515722432,0.7278743687536944,0.8708682720096994,0.6842635348309094,0.8988063543680435,0.037490309446629344,0.05493953888196186,1,0.02,0.05,0.298,0.634,p10-p90 and p2.5-p97.5 are ACROSS-SUBSAMPLE RANGES describing design stability. They are NOT confidence intervals and have no coverage interpretation.,"issue_id (without replacement, stratified, nested)",canon_012
ideology,equal-model share Authority,share_zero,share,0.2,500,500,1,NA,126,0.8047706256359145,0.8070365907501551,0.7615720070160705,0.8491973449005296,0.7301871859823381,0.8700416492197884,0.02550563437893144,0.036274274140298796,1,0.02,0.05,0.41,0.842,p10-p90 and p2.5-p97.5 are ACROSS-SUBSAMPLE RANGES describing design stability. They are NOT confidence intervals and have no coverage interpretation.,"issue_id (without replacement, stratified, nested)",canon_012
ideology,equal-model share Authority,share_zero,share,0.3,500,500,1,NA,189,0.8047706256359145,0.8073380573890485,0.7717816059306805,0.8391605744337042,0.7532683784695247,0.8549252377049215,0.017796930528152233,0.026690559695962797,1,0.02,0.05,0.546,0.94,p10-p90 and p2.5-p97.5 are ACROSS-SUBSAMPLE RANGES describing design stability. They are NOT confidence intervals and have no coverage interpretation.,"issue_id (without replacement, stratified, nested)",canon_012
ideology,equal-model share Authority,share_zero,share,0.4,500,500,1,NA,251,0.8047706256359145,0.8057676066755783,0.7794405660569141,0.8347684623312288,0.7652538998372922,0.8445269160153929,0.014234861510649677,0.02085377931060842,1,0.02,0.05,0.654,0.992,p10-p90 and p2.5-p97.5 are ACROSS-SUBSAMPLE RANGES describing design stability. They are NOT confidence intervals and have no coverage interpretation.,"issue_id (without replacement, stratified, nested)",canon_012
ideology,equal-model share Authority,share_zero,share,0.5,500,500,1,NA,312,0.8047706256359145,0.8049786178309797,0.7837420393695365,0.8284086864280598,0.7711752993087571,0.8431815882228428,0.011855762219253052,0.017798448044222513,1,0.02,0.05,0.744,0.996,p10-p90 and p2.5-p97.5 are ACROSS-SUBSAMPLE RANGES describing design stability. They are NOT confidence intervals and have no coverage interpretation.,"issue_id (without replacement, stratified, nested)",canon_012
ideology,equal-model share Authority,share_zero,share,0.6,500,500,1,NA,376,0.8047706256359145,0.8053904264972545,0.7863872244368202,0.824789860855437,0.7773486432364348,0.8344472367882394,0.010702670175786744,0.014958241001756675,1,0.02,0.05,0.81,1,p10-p90 and p2.5-p97.5 are ACROSS-SUBSAMPLE RANGES describing design stability. They are NOT confidence intervals and have no coverage interpretation.,"issue_id (without replacement, stratified, nested)",canon_012
ideology,equal-model share Authority,share_zero,share,0.75,500,500,1,NA,468,0.8047706256359145,0.8048058642034621,0.791598737268665,0.8186109046230103,0.7857931181238531,0.8278929573069257,0.006479187658986585,0.01051928831334166,1,0.02,0.05,0.944,1,p10-p90 and p2.5-p97.5 are ACROSS-SUBSAMPLE RANGES describing design stability. They are NOT confidence intervals and have no coverage interpretation.,"issue_id (without replacement, stratified, nested)",canon_012
ideology,equal-model share Authority,share_zero,share,0.9,500,500,1,NA,563,0.8047706256359145,0.8042910647244088,0.7974613121881122,0.811143853242877,0.7944590824801316,0.8166517530809523,0.003961989192739379,0.0056283715176663005,1,0.02,0.05,0.998,1,p10-p90 and p2.5-p97.5 are ACROSS-SUBSAMPLE RANGES describing design stability. They are NOT confidence intervals and have no coverage interpretation.,"issue_id (without replacement, stratified, nested)",canon_012
ideology,equal-model share Authority,share_zero,share,1,1,1,1,NA,624,0.8047706256359145,0.8047706256359145,0.8047706256359145,0.8047706256359145,0.8047706256359145,0.8047706256359145,0,0,1,0.02,0.05,1,1,p10-p90 and p2.5-p97.5 are ACROSS-SUBSAMPLE RANGES describing design stability. They are NOT confidence intervals and have no coverage interpretation.,"issue_id (without replacement, stratified, nested)",canon_012
ideology,equal-model share Economic,share_neg1,share,0.1,500,500,1,NA,64,0.02457266859170246,0.02346075331031862,0.004217584306125777,0.04299513987766611,0,0.053132529394480224,0.009730186997735476,0.01410930737336511,0.944,0.02,0.05,0.808,1,p10-p90 and p2.5-p97.5 are ACROSS-SUBSAMPLE RANGES describing design stability. They are NOT confidence intervals and have no coverage interpretation.,"issue_id (without replacement, stratified, nested)",canon_012
ideology,equal-model share Economic,share_neg1,share,0.2,500,500,1,NA,126,0.02457266859170246,0.024349024589314892,0.012609343784118083,0.03781937990592614,0.0065527058363123334,0.0440499194677378,0.006511729451413368,0.009738712152312748,1,0.02,0.05,0.964,1,p10-p90 and p2.5-p97.5 are ACROSS-SUBSAMPLE RANGES describing design stability. They are NOT confidence intervals and have no coverage interpretation.,"issue_id (without replacement, stratified, nested)",canon_012
ideology,equal-model share Economic,share_neg1,share,0.3,500,500,1,NA,189,0.02457266859170246,0.02447537180641716,0.015517621882588905,0.034244462362448845,0.011018142483281174,0.03818515300999867,0.005134591151348931,0.007162443093279905,1,0.02,0.05,0.998,1,p10-p90 and p2.5-p97.5 are ACROSS-SUBSAMPLE RANGES describing design stability. They are NOT confidence intervals and have no coverage interpretation.,"issue_id (without replacement, stratified, nested)",canon_012
ideology,equal-model share Economic,share_neg1,share,0.4,500,500,1,NA,251,0.02457266859170246,0.024594835331135215,0.01742439782514941,0.032223685125590616,0.012622365341934425,0.03579780733657163,0.003958887486274286,0.005800963334085959,1,0.02,0.05,1,1,p10-p90 and p2.5-p97.5 are ACROSS-SUBSAMPLE RANGES describing design stability. They are NOT confidence intervals and have no coverage interpretation.,"issue_id (without replacement, stratified, nested)",canon_012
ideology,equal-model share Economic,share_neg1,share,0.5,500,500,1,NA,312,0.02457266859170246,0.024585942179736413,0.01855508481593735,0.030443405002576304,0.015807176982590022,0.03394157444663963,0.0031521078852310234,0.00458734712853565,1,0.02,0.05,1,1,p10-p90 and p2.5-p97.5 are ACROSS-SUBSAMPLE RANGES describing design stability. They are NOT confidence intervals and have no coverage interpretation.,"issue_id (without replacement, stratified, nested)",canon_012
ideology,equal-model share Economic,share_neg1,share,0.6,500,500,1,NA,376,0.02457266859170246,0.024800182028802905,0.019530039026599017,0.029091703600683833,0.01732871128251178,0.03143907392449271,0.0024406287991467646,0.0037042259472108057,1,0.02,0.05,1,1,p10-p90 and p2.5-p97.5 are ACROSS-SUBSAMPLE RANGES describing design stability. They are NOT confidence intervals and have no coverage interpretation.,"issue_id (without replacement, stratified, nested)",canon_012
ideology,equal-model share Economic,share_neg1,share,0.75,500,500,1,NA,468,0.02457266859170246,0.024940497850960433,0.021370898163434144,0.02802263409708695,0.019187830498128083,0.02993560986089631,0.0017569664393522009,0.0027305766447081404,1,0.02,0.05,1,1,p10-p90 and p2.5-p97.5 are ACROSS-SUBSAMPLE RANGES describing design stability. They are NOT confidence intervals and have no coverage interpretation.,"issue_id (without replacement, stratified, nested)",canon_012
ideology,equal-model share Economic,share_neg1,share,0.9,500,500,1,NA,563,0.02457266859170246,0.024826025851343726,0.022708745882107476,0.026619320124341473,0.021553300191883416,0.02734879346492334,0.0010334879401933308,0.0015000070362930357,1,0.02,0.05,1,1,p10-p90 and p2.5-p97.5 are ACROSS-SUBSAMPLE RANGES describing design stability. They are NOT confidence intervals and have no coverage interpretation.,"issue_id (without replacement, stratified, nested)",canon_012
ideology,equal-model share Economic,share_neg1,share,1,1,1,1,NA,624,0.02457266859170246,0.02457266859170246,0.02457266859170246,0.02457266859170246,0.02457266859170246,0.02457266859170246,0,0,1,0.02,0.05,1,1,p10-p90 and p2.5-p97.5 are ACROSS-SUBSAMPLE RANGES describing design stability. They are NOT confidence intervals and have no coverage interpretation.,"issue_id (without replacement, stratified, nested)",canon_012
ideology,equal-model share Economic,share_neg2,share,0.1,500,500,1,NA,64,0.005193940072337456,0.0017482517482517485,0,0.014889817503313715,0,0.02033724571403577,0.005193940072337456,0.006418256055061171,0.566,0.02,0.05,0.984,1,p10-p90 and p2.5-p97.5 are ACROSS-SUBSAMPLE RANGES describing design stability. They are NOT confidence intervals and have no coverage interpretation.,"issue_id (without replacement, stratified, nested)",canon_012
ideology,equal-model share Economic,share_neg2,share,0.2,500,500,1,NA,126,0.005193940072337456,0.004103350522706595,0,0.0113855167544561,0,0.015439576377636547,0.003728652554657121,0.004495367027414929,0.824,0.02,0.05,1,1,p10-p90 and p2.5-p97.5 are ACROSS-SUBSAMPLE RANGES describing design stability. They are NOT confidence intervals and have no coverage interpretation.,"issue_id (without replacement, stratified, nested)",canon_012
ideology,equal-model share Economic,share_neg2,share,0.3,500,500,1,NA,189,0.005193940072337456,0.0046921463940040285,6.111006111006114e-4,0.009810501833620623,0,0.012836536788891446,0.00246068609059276,0.003446701208266543,0.94,0.02,0.05,1,1,p10-p90 and p2.5-p97.5 are ACROSS-SUBSAMPLE RANGES describing design stability. They are NOT confidence intervals and have no coverage interpretation.,"issue_id (without replacement, stratified, nested)",canon_012
ideology,equal-model share Economic,share_neg2,share,0.4,500,500,1,NA,251,0.005193940072337456,0.00497523532560467,0.001328178632535852,0.00890853153393914,3.7878787878787884e-4,0.010282763989635714,0.0019965353032266172,0.0027705032637047808,0.982,0.02,0.05,1,1,p10-p90 and p2.5-p97.5 are ACROSS-SUBSAMPLE RANGES describing design stability. They are NOT confidence intervals and have no coverage interpretation.,"issue_id (without replacement, stratified, nested)",canon_012
ideology,equal-model share Economic,share_neg2,share,0.5,500,500,1,NA,312,0.005193940072337456,0.004981210746928234,0.0018484500104422542,0.008062920584441087,5.977961432506887e-4,0.009326232873653001,0.001894271595643665,0.0023644384050492354,0.996,0.02,0.05,1,1,p10-p90 and p2.5-p97.5 are ACROSS-SUBSAMPLE RANGES describing design stability. They are NOT confidence intervals and have no coverage interpretation.,"issue_id (without replacement, stratified, nested)",canon_012
ideology,equal-model share Economic,share_neg2,share,0.6,500,500,1,NA,376,0.005193940072337456,0.005295452625848235,0.002536328774933564,0.0076164648079501,0.001012986324178647,0.00832643514582384,0.001438335395121106,0.0019476869728951697,0.998,0.02,0.05,1,1,p10-p90 and p2.5-p97.5 are ACROSS-SUBSAMPLE RANGES describing design stability. They are NOT confidence intervals and have no coverage interpretation.,"issue_id (without replacement, stratified, nested)",canon_012
ideology,equal-model share Economic,share_neg2,share,0.75,500,500,1,NA,468,0.005193940072337456,0.005304696671583425,0.0032249113185604163,0.006808038453988055,0.0023233763970054626,0.0071197923151117126,0.0010647361584748007,0.0013653495318478395,1,0.02,0.05,1,1,p10-p90 and p2.5-p97.5 are ACROSS-SUBSAMPLE RANGES describing design stability. They are NOT confidence intervals and have no coverage interpretation.,"issue_id (without replacement, stratified, nested)",canon_012
ideology,equal-model share Economic,share_neg2,share,0.9,500,500,1,NA,563,0.005193940072337456,0.005543890718979047,0.003930997613687683,0.0058548294737511795,0.0031911297946557943,0.005965031371485272,5.186006209057683e-4,7.596149908224608e-4,1,0.02,0.05,1,1,p10-p90 and p2.5-p97.5 are ACROSS-SUBSAMPLE RANGES describing design stability. They are NOT confidence intervals and have no coverage interpretation.,"issue_id (without replacement, stratified, nested)",canon_012
ideology,equal-model share Economic,share_neg2,share,1,1,1,1,NA,624,0.005193940072337456,0.005193940072337456,0.005193940072337456,0.005193940072337456,0.005193940072337456,0.005193940072337456,0,0,1,0.02,0.05,1,1,p10-p90 and p2.5-p97.5 are ACROSS-SUBSAMPLE RANGES describing design stability. They are NOT confidence intervals and have no coverage interpretation.,"issue_id (without replacement, stratified, nested)",canon_012
ideology,equal-model share Economic,share_pos1,share,0.1,500,500,1,NA,64,0.04228233115749103,0.04225877473221051,0.015740597662568086,0.07286443324684937,0.004334072827417381,0.08974002061868552,0.014277191048194027,0.021586922749657993,0.994,0.02,0.05,0.64,0.984,p10-p90 and p2.5-p97.5 are ACROSS-SUBSAMPLE RANGES describing design stability. They are NOT confidence intervals and have no coverage interpretation.,"issue_id (without replacement, stratified, nested)",canon_012
ideology,equal-model share Economic,share_pos1,share,0.2,500,500,1,NA,126,0.04228233115749103,0.04272230611061224,0.024795882742411266,0.06062233675380147,0.01738436091803943,0.0706503306307227,0.009830610825865508,0.014135525767777676,1,0.02,0.05,0.842,1,p10-p90 and p2.5-p97.5 are ACROSS-SUBSAMPLE RANGES describing design stability. They are NOT confidence intervals and have no coverage interpretation.,"issue_id (without replacement, stratified, nested)",canon_012
ideology,equal-model share Economic,share_pos1,share,0.3,500,500,1,NA,189,0.04228233115749103,0.04359109789345173,0.029802305337937256,0.0562145953788231,0.02376142078091739,0.06537079373666735,0.006631869323669631,0.010308150524971174,1,0.02,0.05,0.946,1,p10-p90 and p2.5-p97.5 are ACROSS-SUBSAMPLE RANGES describing design stability. They are NOT confidence intervals and have no coverage interpretation.,"issue_id (without replacement, stratified, nested)",canon_012
ideology,equal-model share Economic,share_pos1,share,0.4,500,500,1,NA,251,0.04228233115749103,0.042890395840174,0.032033968260538614,0.053553051244556824,0.02746378719736624,0.05752732588182585,0.005708504022932943,0.008092000883824425,1,0.02,0.05,0.99,1,p10-p90 and p2.5-p97.5 are ACROSS-SUBSAMPLE RANGES describing design stability. They are NOT confidence intervals and have no coverage interpretation.,"issue_id (without replacement, stratified, nested)",canon_012
ideology,equal-model share Economic,share_pos1,share,0.5,500,500,1,NA,312,0.04228233115749103,0.04307540954312676,0.03395604040298601,0.05127792078267252,0.02989615452678558,0.05551882774633751,0.004352769232494929,0.006615324592014148,1,0.02,0.05,0.998,1,p10-p90 and p2.5-p97.5 are ACROSS-SUBSAMPLE RANGES describing design stability. They are NOT confidence intervals and have no coverage interpretation.,"issue_id (without replacement, stratified, nested)",canon_012
ideology,equal-model share Economic,share_pos1,share,0.6,500,500,1,NA,376,0.04228233115749103,0.0425805822694941,0.035857079726173295,0.04945837651465764,0.031743845026958345,0.0526370435568038,0.0037598694786585146,0.005388143001329746,1,0.02,0.05,0.998,1,p10-p90 and p2.5-p97.5 are ACROSS-SUBSAMPLE RANGES describing design stability. They are NOT confidence intervals and have no coverage interpretation.,"issue_id (without replacement, stratified, nested)",canon_012
ideology,equal-model share Economic,share_pos1,share,0.75,500,500,1,NA,468,0.04228233115749103,0.042599039300071403,0.03760202833613736,0.04775793099792515,0.03503162774720865,0.0500792983847642,0.002646499731872899,0.0040011565524584675,1,0.02,0.05,1,1,p10-p90 and p2.5-p97.5 are ACROSS-SUBSAMPLE RANGES describing design stability. They are NOT confidence intervals and have no coverage interpretation.,"issue_id (without replacement, stratified, nested)",canon_012
ideology,equal-model share Economic,share_pos1,share,0.9,500,500,1,NA,563,0.04228233115749103,0.042579125599121456,0.03945929063099245,0.04525700327748156,0.03779432148191612,0.04652036670539428,0.001595860005051953,0.002284020646792872,1,0.02,0.05,1,1,p10-p90 and p2.5-p97.5 are ACROSS-SUBSAMPLE RANGES describing design stability. They are NOT confidence intervals and have no coverage interpretation.,"issue_id (without replacement, stratified, nested)",canon_012
ideology,equal-model share Economic,share_pos1,share,1,1,1,1,NA,624,0.04228233115749103,0.04228233115749103,0.04228233115749103,0.04228233115749103,0.04228233115749103,0.04228233115749103,0,0,1,0.02,0.05,1,1,p10-p90 and p2.5-p97.5 are ACROSS-SUBSAMPLE RANGES describing design stability. They are NOT confidence intervals and have no coverage interpretation.,"issue_id (without replacement, stratified, nested)",canon_012
ideology,equal-model share Economic,share_pos2,share,0.1,500,500,1,NA,64,0.003952033953468091,0,0,0.012831188419619591,0,0.02206617793517837,0.003952033953468091,0.0063720032820389055,0.492,0.02,0.05,0.982,1,p10-p90 and p2.5-p97.5 are ACROSS-SUBSAMPLE RANGES describing design stability. They are NOT confidence intervals and have no coverage interpretation.,"issue_id (without replacement, stratified, nested)",canon_012
ideology,equal-model share Economic,share_pos2,share,0.2,500,500,1,NA,126,0.003952033953468091,0.0027689805435716602,0,0.011087380987411221,0,0.014510781630419876,0.003039246928691346,0.004262202677250126,0.754,0.02,0.05,1,1,p10-p90 and p2.5-p97.5 are ACROSS-SUBSAMPLE RANGES describing design stability. They are NOT confidence intervals and have no coverage interpretation.,"issue_id (without replacement, stratified, nested)",canon_012
ideology,equal-model share Economic,share_pos2,share,0.3,500,500,1,NA,189,0.003952033953468091,0.0029141302344262857,0,0.009041504484790321,0,0.010924726278948102,0.0027972530790737688,0.0033243015743666224,0.888,0.02,0.05,1,1,p10-p90 and p2.5-p97.5 are ACROSS-SUBSAMPLE RANGES describing design stability. They are NOT confidence intervals and have no coverage interpretation.,"issue_id (without replacement, stratified, nested)",canon_012
ideology,equal-model share Economic,share_pos2,share,0.4,500,500,1,NA,251,0.003952033953468091,0.0032536465136191444,7.943128799585977e-4,0.007862465960546754,0,0.009138130955724414,0.002291317711199818,0.0026893846935544577,0.964,0.02,0.05,1,1,p10-p90 and p2.5-p97.5 are ACROSS-SUBSAMPLE RANGES describing design stability. They are NOT confidence intervals and have no coverage interpretation.,"issue_id (without replacement, stratified, nested)",canon_012
ideology,equal-model share Economic,share_pos2,share,0.5,500,500,1,NA,312,0.003952033953468091,0.0038708725632984704,0.0011275967728086242,0.0068624153820672,3.3900881726968684e-4,0.0075952363005676055,0.002091435610734939,0.0022607692845068757,0.992,0.02,0.05,1,1,p10-p90 and p2.5-p97.5 are ACROSS-SUBSAMPLE RANGES describing design stability. They are NOT confidence intervals and have no coverage interpretation.,"issue_id (without replacement, stratified, nested)",canon_012
ideology,equal-model share Economic,share_pos2,share,0.6,500,500,1,NA,376,0.003952033953468091,0.004339453641630138,0.0012921075691158758,0.006099206589088459,7.094724784760652e-4,0.006745208399538873,0.0016666252270241787,0.0018391129577094486,0.998,0.02,0.05,1,1,p10-p90 and p2.5-p97.5 are ACROSS-SUBSAMPLE RANGES describing design stability. They are NOT confidence intervals and have no coverage interpretation.,"issue_id (without replacement, stratified, nested)",canon_012
ideology,equal-model share Economic,share_pos2,share,0.75,500,500,1,NA,468,0.003952033953468091,0.004454082807678806,0.0018027302228296263,0.005249419985557603,0.0011622163419175886,0.005451387943277037,0.0010541452985156183,0.0013144755061929268,1,0.02,0.05,1,1,p10-p90 and p2.5-p97.5 are ACROSS-SUBSAMPLE RANGES describing design stability. They are NOT confidence intervals and have no coverage interpretation.,"issue_id (without replacement, stratified, nested)",canon_012
ideology,equal-model share Economic,share_pos2,share,0.9,500,500,1,NA,563,0.003952033953468091,0.004278040677842754,0.003256708858695176,0.004464177257022701,0.0018666092547391913,0.00455994210811334,3.8022191400740755e-4,7.000177749902209e-4,1,0.02,0.05,1,1,p10-p90 and p2.5-p97.5 are ACROSS-SUBSAMPLE RANGES describing design stability. They are NOT confidence intervals and have no coverage interpretation.,"issue_id (without replacement, stratified, nested)",canon_012
ideology,equal-model share Economic,share_pos2,share,1,1,1,1,NA,624,0.003952033953468091,0.003952033953468091,0.003952033953468091,0.003952033953468091,0.003952033953468091,0.003952033953468091,0,0,1,0.02,0.05,1,1,p10-p90 and p2.5-p97.5 are ACROSS-SUBSAMPLE RANGES describing design stability. They are NOT confidence intervals and have no coverage interpretation.,"issue_id (without replacement, stratified, nested)",canon_012
ideology,equal-model share Economic,share_zero,share,0.1,500,500,1,NA,64,0.923999026225001,0.9251350330263712,0.8747403941995631,0.9707203780812628,0.8455938612897107,0.9864227192217903,0.02259865328131966,0.035515255230644124,1,0.02,0.05,0.448,0.816,p10-p90 and p2.5-p97.5 are ACROSS-SUBSAMPLE RANGES describing design stability. They are NOT confidence intervals and have no coverage interpretation.,"issue_id (without replacement, stratified, nested)",canon_012
ideology,equal-model share Economic,share_zero,share,0.2,500,500,1,NA,126,0.923999026225001,0.9236810294377051,0.892681997844858,0.9565068040768931,0.8764273899146804,0.9682334670936027,0.015601706039641838,0.02404994802325227,1,0.02,0.05,0.602,0.968,p10-p90 and p2.5-p97.5 are ACROSS-SUBSAMPLE RANGES describing design stability. They are NOT confidence intervals and have no coverage interpretation.,"issue_id (without replacement, stratified, nested)",canon_012
ideology,equal-model share Economic,share_zero,share,0.3,500,500,1,NA,189,0.923999026225001,0.9232189025216567,0.8997632287104244,0.9458632951933794,0.8899431922697522,0.956851574491278,0.012409026377688093,0.017653782723037484,1,0.02,0.05,0.726,0.998,p10-p90 and p2.5-p97.5 are ACROSS-SUBSAMPLE RANGES describing design stability. They are NOT confidence intervals and have no coverage interpretation.,"issue_id (without replacement, stratified, nested)",canon_012
ideology,equal-model share Economic,share_zero,share,0.4,500,500,1,NA,251,0.923999026225001,0.9244466240332017,0.9042443754828456,0.9405899245502662,0.8975606934640215,0.9525565639833491,0.00978739896994385,0.014077919063659758,1,0.02,0.05,0.836,1,p10-p90 and p2.5-p97.5 are ACROSS-SUBSAMPLE RANGES describing design stability. They are NOT confidence intervals and have no coverage interpretation.,"issue_id (without replacement, stratified, nested)",canon_012
ideology,equal-model share Economic,share_zero,share,0.5,500,500,1,NA,312,0.923999026225001,0.9238693681430421,0.9077538987594171,0.938326761575663,0.9022630609441286,0.9449657433889473,0.008555234136687628,0.011717382866627756,1,0.02,0.05,0.922,1,p10-p90 and p2.5-p97.5 are ACROSS-SUBSAMPLE RANGES describing design stability. They are NOT confidence intervals and have no coverage interpretation.,"issue_id (without replacement, stratified, nested)",canon_012
ideology,equal-model share Economic,share_zero,share,0.6,500,500,1,NA,376,0.923999026225001,0.9231943943698755,0.9117632954031594,0.935214979534173,0.9056458463126957,0.9433526841934101,0.0065341759899558705,0.009739012779025292,1,0.02,0.05,0.96,1,p10-p90 and p2.5-p97.5 are ACROSS-SUBSAMPLE RANGES describing design stability. They are NOT confidence intervals and have no coverage interpretation.,"issue_id (without replacement, stratified, nested)",canon_012
ideology,equal-model share Economic,share_zero,share,0.75,500,500,1,NA,468,0.923999026225001,0.9235262968789896,0.9145305429343367,0.9324373268879678,0.9114219844745398,0.9376325704834461,0.004820315874953074,0.007032599728075445,1,0.02,0.05,0.992,1,p10-p90 and p2.5-p97.5 are ACROSS-SUBSAMPLE RANGES describing design stability. They are NOT confidence intervals and have no coverage interpretation.,"issue_id (without replacement, stratified, nested)",canon_012
ideology,equal-model share Economic,share_zero,share,0.9,500,500,1,NA,563,0.923999026225001,0.9234035686070556,0.9186249648030235,0.9289390113519511,0.9165921071279224,0.9323599933343545,0.002583654951886949,0.00395153652630406,1,0.02,0.05,1,1,p10-p90 and p2.5-p97.5 are ACROSS-SUBSAMPLE RANGES describing design stability. They are NOT confidence intervals and have no coverage interpretation.,"issue_id (without replacement, stratified, nested)",canon_012
ideology,equal-model share Economic,share_zero,share,1,1,1,1,NA,624,0.923999026225001,0.923999026225001,0.923999026225001,0.923999026225001,0.923999026225001,0.923999026225001,0,0,1,0.02,0.05,1,1,p10-p90 and p2.5-p97.5 are ACROSS-SUBSAMPLE RANGES describing design stability. They are NOT confidence intervals and have no coverage interpretation.,"issue_id (without replacement, stratified, nested)",canon_012
ideology,equal-model share Populism,share_neg1,share,0.1,500,500,1,NA,64,0.15411866123998416,0.15198108814082567,0.11254361187001313,0.1990835048537103,0.0893700932966365,0.22403509554700302,0.02311156290546683,0.033754077816107335,1,0.02,0.05,0.44,0.854,p10-p90 and p2.5-p97.5 are ACROSS-SUBSAMPLE RANGES describing design stability. They are NOT confidence intervals and have no coverage interpretation.,"issue_id (without replacement, stratified, nested)",canon_012
ideology,equal-model share Populism,share_neg1,share,0.2,500,500,1,NA,126,0.15411866123998416,0.15539542240283075,0.12626531797726473,0.18323541662084444,0.11085561447895118,0.19636637596627554,0.014646738607258847,0.022062070253706004,1,0.02,0.05,0.634,0.978,p10-p90 and p2.5-p97.5 are ACROSS-SUBSAMPLE RANGES describing design stability. They are NOT confidence intervals and have no coverage interpretation.,"issue_id (without replacement, stratified, nested)",canon_012
ideology,equal-model share Populism,share_neg1,share,0.3,500,500,1,NA,189,0.15411866123998416,0.15447255976746238,0.13301665915959276,0.1767775431924838,0.12039076922417538,0.187004228672754,0.011942656304283622,0.017375702439192054,1,0.02,0.05,0.746,0.996,p10-p90 and p2.5-p97.5 are ACROSS-SUBSAMPLE RANGES describing design stability. They are NOT confidence intervals and have no coverage interpretation.,"issue_id (without replacement, stratified, nested)",canon_012
ideology,equal-model share Populism,share_neg1,share,0.4,500,500,1,NA,251,0.15411866123998416,0.15454981766867176,0.13700427036452084,0.17086272906376684,0.12948268366279664,0.1791629932709326,0.008901941691714557,0.01292332710986131,1,0.02,0.05,0.874,1,p10-p90 and p2.5-p97.5 are ACROSS-SUBSAMPLE RANGES describing design stability. They are NOT confidence intervals and have no coverage interpretation.,"issue_id (without replacement, stratified, nested)",canon_012
ideology,equal-model share Populism,share_neg1,share,0.5,500,500,1,NA,312,0.15411866123998416,0.15408042170835556,0.1398804608836841,0.16856988323644284,0.13459182089814797,0.17532026700192427,0.00754337160484321,0.010632321048345484,1,0.02,0.05,0.938,1,p10-p90 and p2.5-p97.5 are ACROSS-SUBSAMPLE RANGES describing design stability. They are NOT confidence intervals and have no coverage interpretation.,"issue_id (without replacement, stratified, nested)",canon_012
ideology,equal-model share Populism,share_neg1,share,0.6,500,500,1,NA,376,0.15411866123998416,0.1540430023717897,0.14225103654925889,0.16588643184513727,0.13583585181225602,0.17063632678227741,0.006434886049605126,0.00905569077417527,1,0.02,0.05,0.98,1,p10-p90 and p2.5-p97.5 are ACROSS-SUBSAMPLE RANGES describing design stability. They are NOT confidence intervals and have no coverage interpretation.,"issue_id (without replacement, stratified, nested)",canon_012
ideology,equal-model share Populism,share_neg1,share,0.75,500,500,1,NA,468,0.15411866123998416,0.1542153258962265,0.14546247704698345,0.1623490975736042,0.14092043193824277,0.16645531995404345,0.004339922989487863,0.006357210584890347,1,0.02,0.05,1,1,p10-p90 and p2.5-p97.5 are ACROSS-SUBSAMPLE RANGES describing design stability. They are NOT confidence intervals and have no coverage interpretation.,"issue_id (without replacement, stratified, nested)",canon_012
ideology,equal-model share Populism,share_neg1,share,0.9,500,500,1,NA,563,0.15411866123998416,0.15428413158246124,0.1493428223992716,0.1586008788806675,0.14673163158732988,0.16143072496648803,0.002322507678881619,0.003596409889534532,1,0.02,0.05,1,1,p10-p90 and p2.5-p97.5 are ACROSS-SUBSAMPLE RANGES describing design stability. They are NOT confidence intervals and have no coverage interpretation.,"issue_id (without replacement, stratified, nested)",canon_012
ideology,equal-model share Populism,share_neg1,share,1,1,1,1,NA,624,0.15411866123998416,0.15411866123998416,0.15411866123998416,0.15411866123998416,0.15411866123998416,0.15411866123998416,0,0,1,0.02,0.05,1,1,p10-p90 and p2.5-p97.5 are ACROSS-SUBSAMPLE RANGES describing design stability. They are NOT confidence intervals and have no coverage interpretation.,"issue_id (without replacement, stratified, nested)",canon_012
ideology,equal-model share Populism,share_neg2,share,0.1,500,500,1,NA,64,4.482271400540431e-4,0,0,0.0029260448762670043,0,0.004810638546702009,4.482271400540431e-4,0.0013267280337692937,0.108,0.02,0.05,1,1,p10-p90 and p2.5-p97.5 are ACROSS-SUBSAMPLE RANGES describing design stability. They are NOT confidence intervals and have no coverage interpretation.,"issue_id (without replacement, stratified, nested)",canon_012
ideology,equal-model share Populism,share_neg2,share,0.2,500,500,1,NA,126,4.482271400540431e-4,0,0,0.002188863695991795,0,0.002607063270612671,4.482271400540431e-4,9.226652133136647e-4,0.222,0.02,0.05,1,1,p10-p90 and p2.5-p97.5 are ACROSS-SUBSAMPLE RANGES describing design stability. They are NOT confidence intervals and have no coverage interpretation.,"issue_id (without replacement, stratified, nested)",canon_012
ideology,equal-model share Populism,share_neg2,share,0.3,500,500,1,NA,189,4.482271400540431e-4,0,0,0.0015251015237890248,0,0.0017017440980601048,4.482271400540431e-4,6.928678046318512e-4,0.322,0.02,0.05,1,1,p10-p90 and p2.5-p97.5 are ACROSS-SUBSAMPLE RANGES describing design stability. They are NOT confidence intervals and have no coverage interpretation.,"issue_id (without replacement, stratified, nested)",canon_012
ideology,equal-model share Populism,share_neg2,share,0.4,500,500,1,NA,251,4.482271400540431e-4,0,0,0.0011582598485618872,0,0.0012687903446867437,4.482271400540431e-4,5.471353709423118e-4,0.412,0.02,0.05,1,1,p10-p90 and p2.5-p97.5 are ACROSS-SUBSAMPLE RANGES describing design stability. They are NOT confidence intervals and have no coverage interpretation.,"issue_id (without replacement, stratified, nested)",canon_012
ideology,equal-model share Populism,share_neg2,share,0.5,500,500,1,NA,312,4.482271400540431e-4,7.866208548499232e-4,0,9.450979782762549e-4,0,0.0010025738029985055,4.482271400540431e-4,4.4658312598764535e-4,0.518,0.02,0.05,1,1,p10-p90 and p2.5-p97.5 are ACROSS-SUBSAMPLE RANGES describing design stability. They are NOT confidence intervals and have no coverage interpretation.,"issue_id (without replacement, stratified, nested)",canon_012
ideology,equal-model share Populism,share_neg2,share,0.6,500,500,1,NA,376,4.482271400540431e-4,7.06129394040612e-4,0,7.813546814623552e-4,0,8.217829047633442e-4,3.260457057936225e-4,3.603380038673451e-4,0.626,0.02,0.05,1,1,p10-p90 and p2.5-p97.5 are ACROSS-SUBSAMPLE RANGES describing design stability. They are NOT confidence intervals and have no coverage interpretation.,"issue_id (without replacement, stratified, nested)",canon_012
ideology,equal-model share Populism,share_neg2,share,0.75,500,500,1,NA,468,4.482271400540431e-4,5.875491766132434e-4,0,6.253425687556243e-4,0,6.434620564448566e-4,1.5737941925132644e-4,2.532689875778985e-4,0.768,0.02,0.05,1,1,p10-p90 and p2.5-p97.5 are ACROSS-SUBSAMPLE RANGES describing design stability. They are NOT confidence intervals and have no coverage interpretation.,"issue_id (without replacement, stratified, nested)",canon_012
ideology,equal-model share Populism,share_neg2,share,0.9,500,500,1,NA,563,4.482271400540431e-4,4.951178181025527e-4,4.7548447093966663e-4,5.113322372374164e-4,0,5.192084710643637e-4,4.8435363252452904e-5,1.3845256520033901e-4,0.916,0.02,0.05,1,1,p10-p90 and p2.5-p97.5 are ACROSS-SUBSAMPLE RANGES describing design stability. They are NOT confidence intervals and have no coverage interpretation.,"issue_id (without replacement, stratified, nested)",canon_012
ideology,equal-model share Populism,share_neg2,share,1,1,1,1,NA,624,4.482271400540431e-4,4.482271400540431e-4,4.482271400540431e-4,4.482271400540431e-4,4.482271400540431e-4,4.482271400540431e-4,0,0,1,0.02,0.05,1,1,p10-p90 and p2.5-p97.5 are ACROSS-SUBSAMPLE RANGES describing design stability. They are NOT confidence intervals and have no coverage interpretation.,"issue_id (without replacement, stratified, nested)",canon_012
ideology,equal-model share Populism,share_pos1,share,0.1,500,500,1,NA,64,0.04990385629481538,0.046727620003220983,0.02750265161209491,0.07132461980635808,0.01974991220492328,0.08739709867069674,0.012011215833328419,0.01777157879895768,1,0.02,0.05,0.744,0.99,p10-p90 and p2.5-p97.5 are ACROSS-SUBSAMPLE RANGES describing design stability. They are NOT confidence intervals and have no coverage interpretation.,"issue_id (without replacement, stratified, nested)",canon_012
ideology,equal-model share Populism,share_pos1,share,0.2,500,500,1,NA,126,0.04990385629481538,0.04808385490862868,0.03334682125357383,0.06520847430504435,0.02747443033492008,0.07535801713053189,0.009045083058519334,0.01243131053669116,1,0.02,0.05,0.894,1,p10-p90 and p2.5-p97.5 are ACROSS-SUBSAMPLE RANGES describing design stability. They are NOT confidence intervals and have no coverage interpretation.,"issue_id (without replacement, stratified, nested)",canon_012
ideology,equal-model share Populism,share_pos1,share,0.3,500,500,1,NA,189,0.04990385629481538,0.04998494682086527,0.039094098758779165,0.06173853751589618,0.03325365611115369,0.0668201485083066,0.0063612674474836095,0.00899668620790223,1,0.02,0.05,0.978,1,p10-p90 and p2.5-p97.5 are ACROSS-SUBSAMPLE RANGES describing design stability. They are NOT confidence intervals and have no coverage interpretation.,"issue_id (without replacement, stratified, nested)",canon_012
ideology,equal-model share Populism,share_pos1,share,0.4,500,500,1,NA,251,0.04990385629481538,0.049887725543995995,0.041135560607488526,0.058516333374443216,0.03630809971224164,0.06309376640511569,0.004778014224707049,0.006916610301887872,1,0.02,0.05,0.994,1,p10-p90 and p2.5-p97.5 are ACROSS-SUBSAMPLE RANGES describing design stability. They are NOT confidence intervals and have no coverage interpretation.,"issue_id (without replacement, stratified, nested)",canon_012
ideology,equal-model share Populism,share_pos1,share,0.5,500,500,1,NA,312,0.04990385629481538,0.05009260680092105,0.043268344694896904,0.05765852796616437,0.03895747453660926,0.06204699167641241,0.0036024256364384118,0.005662944589871323,1,0.02,0.05,1,1,p10-p90 and p2.5-p97.5 are ACROSS-SUBSAMPLE RANGES describing design stability. They are NOT confidence intervals and have no coverage interpretation.,"issue_id (without replacement, stratified, nested)",canon_012
ideology,equal-model share Populism,share_pos1,share,0.6,500,500,1,NA,376,0.04990385629481538,0.04976004802900892,0.04381127866686531,0.05605437975853578,0.04082515618033444,0.05860110415588671,0.0029252591160775394,0.004630477598387443,1,0.02,0.05,1,1,p10-p90 and p2.5-p97.5 are ACROSS-SUBSAMPLE RANGES describing design stability. They are NOT confidence intervals and have no coverage interpretation.,"issue_id (without replacement, stratified, nested)",canon_012
ideology,equal-model share Populism,share_pos1,share,0.75,500,500,1,NA,468,0.04990385629481538,0.05030194619452345,0.045206092446576446,0.05414572295560869,0.042817793095067155,0.05616186863832892,0.0024509062489367454,0.003490110035322143,1,0.02,0.05,1,1,p10-p90 and p2.5-p97.5 are ACROSS-SUBSAMPLE RANGES describing design stability. They are NOT confidence intervals and have no coverage interpretation.,"issue_id (without replacement, stratified, nested)",canon_012
ideology,equal-model share Populism,share_pos1,share,0.9,500,500,1,NA,563,0.04990385629481538,0.05006841067633417,0.04743316822100897,0.05224977813052336,0.04615778445736092,0.05311673682296335,0.0012996273290387418,0.0018499428486812408,1,0.02,0.05,1,1,p10-p90 and p2.5-p97.5 are ACROSS-SUBSAMPLE RANGES describing design stability. They are NOT confidence intervals and have no coverage interpretation.,"issue_id (without replacement, stratified, nested)",canon_012
ideology,equal-model share Populism,share_pos1,share,1,1,1,1,NA,624,0.04990385629481538,0.04990385629481538,0.04990385629481538,0.04990385629481538,0.04990385629481538,0.04990385629481538,0,0,1,0.02,0.05,1,1,p10-p90 and p2.5-p97.5 are ACROSS-SUBSAMPLE RANGES describing design stability. They are NOT confidence intervals and have no coverage interpretation.,"issue_id (without replacement, stratified, nested)",canon_012
ideology,equal-model share Populism,share_pos2,share,0.1,500,500,1,NA,64,1.4568764568764566e-4,0,0,9.510869565217401e-4,0,0.0015151515151515154,1.4568764568764566e-4,4.299976387400261e-4,0.108,0.02,0.05,1,1,p10-p90 and p2.5-p97.5 are ACROSS-SUBSAMPLE RANGES describing design stability. They are NOT confidence intervals and have no coverage interpretation.,"issue_id (without replacement, stratified, nested)",canon_012
ideology,equal-model share Populism,share_pos2,share,0.2,500,500,1,NA,126,1.4568764568764566e-4,0,0,7.102272727272726e-4,0,8.417508417508418e-4,1.4568764568764566e-4,2.992208200429214e-4,0.222,0.02,0.05,1,1,p10-p90 and p2.5-p97.5 are ACROSS-SUBSAMPLE RANGES describing design stability. They are NOT confidence intervals and have no coverage interpretation.,"issue_id (without replacement, stratified, nested)",canon_012
ideology,equal-model share Populism,share_pos2,share,0.3,500,500,1,NA,189,1.4568764568764566e-4,0,0,4.940711462450594e-4,0,5.480545876887338e-4,1.4568764568764566e-4,2.2484138949267817e-4,0.322,0.02,0.05,1,1,p10-p90 and p2.5-p97.5 are ACROSS-SUBSAMPLE RANGES describing design stability. They are NOT confidence intervals and have no coverage interpretation.,"issue_id (without replacement, stratified, nested)",canon_012
ideology,equal-model share Populism,share_pos2,share,0.4,500,500,1,NA,251,1.4568764568764566e-4,0,0,3.7878787878787884e-4,0,4.097181227863044e-4,1.4568764568764566e-4,1.777384704264772e-4,0.412,0.02,0.05,1,1,p10-p90 and p2.5-p97.5 are ACROSS-SUBSAMPLE RANGES describing design stability. They are NOT confidence intervals and have no coverage interpretation.,"issue_id (without replacement, stratified, nested)",canon_012
ideology,equal-model share Populism,share_pos2,share,0.5,500,500,1,NA,312,1.4568764568764566e-4,2.553626149131767e-4,0,3.0712530712530717e-4,0,3.246753246753246e-4,1.4568764568764566e-4,1.4514351603174474e-4,0.518,0.02,0.05,1,1,p10-p90 and p2.5-p97.5 are ACROSS-SUBSAMPLE RANGES describing design stability. They are NOT confidence intervals and have no coverage interpretation.,"issue_id (without replacement, stratified, nested)",canon_012
ideology,equal-model share Populism,share_pos2,share,0.6,500,500,1,NA,376,1.4568764568764566e-4,2.2956841138659323e-4,0,2.553626149131767e-4,0,2.67379679144385e-4,1.0683760683760692e-4,1.171325649886996e-4,0.626,0.02,0.05,1,1,p10-p90 and p2.5-p97.5 are ACROSS-SUBSAMPLE RANGES describing design stability. They are NOT confidence intervals and have no coverage interpretation.,"issue_id (without replacement, stratified, nested)",canon_012
ideology,equal-model share Populism,share_pos2,share,0.75,500,500,1,NA,468,1.4568764568764566e-4,1.9098548510313213e-4,0,2.0292207792207788e-4,0,2.085070892410342e-4,5.194081281037805e-5,8.232391713028589e-5,0.768,0.02,0.05,1,1,p10-p90 and p2.5-p97.5 are ACROSS-SUBSAMPLE RANGES describing design stability. They are NOT confidence intervals and have no coverage interpretation.,"issue_id (without replacement, stratified, nested)",canon_012
ideology,equal-model share Populism,share_pos2,share,0.9,500,500,1,NA,563,1.4568764568764566e-4,1.6118633139909733e-4,1.5460729746444033e-4,1.660144814395566e-4,0,1.6835016835016839e-4,1.549868571145167e-5,4.499722909965983e-5,0.916,0.02,0.05,1,1,p10-p90 and p2.5-p97.5 are ACROSS-SUBSAMPLE RANGES describing design stability. They are NOT confidence intervals and have no coverage interpretation.,"issue_id (without replacement, stratified, nested)",canon_012
ideology,equal-model share Populism,share_pos2,share,1,1,1,1,NA,624,1.4568764568764566e-4,1.4568764568764566e-4,1.4568764568764566e-4,1.4568764568764566e-4,1.4568764568764566e-4,1.4568764568764566e-4,0,0,1,0.02,0.05,1,1,p10-p90 and p2.5-p97.5 are ACROSS-SUBSAMPLE RANGES describing design stability. They are NOT confidence intervals and have no coverage interpretation.,"issue_id (without replacement, stratified, nested)",canon_012
ideology,equal-model share Populism,share_zero,share,0.1,500,500,1,NA,64,0.7953835676794587,0.7963199667343874,0.7413429675360406,0.8542253560802222,0.7076498218993217,0.8770877355538297,0.028617220544132738,0.04342978936455335,1,0.02,0.05,0.35,0.752,p10-p90 and p2.5-p97.5 are ACROSS-SUBSAMPLE RANGES describing design stability. They are NOT confidence intervals and have no coverage interpretation.,"issue_id (without replacement, stratified, nested)",canon_012
ideology,equal-model share Populism,share_zero,share,0.2,500,500,1,NA,126,0.7953835676794587,0.7953636845828158,0.7571993919616672,0.8341918054221706,0.7397994018832468,0.8528103977810519,0.020054112764656906,0.029448974501525168,1,0.02,0.05,0.496,0.894,p10-p90 and p2.5-p97.5 are ACROSS-SUBSAMPLE RANGES describing design stability. They are NOT confidence intervals and have no coverage interpretation.,"issue_id (without replacement, stratified, nested)",canon_012
ideology,equal-model share Populism,share_zero,share,0.3,500,500,1,NA,189,0.7953835676794587,0.7956109065852313,0.763865796944018,0.8229949538575354,0.7534460467781903,0.8389728551555795,0.01571610575059318,0.02311552285259052,1,0.02,0.05,0.61,0.974,p10-p90 and p2.5-p97.5 are ACROSS-SUBSAMPLE RANGES describing design stability. They are NOT confidence intervals and have no coverage interpretation.,"issue_id (without replacement, stratified, nested)",canon_012
ideology,equal-model share Populism,share_zero,share,0.4,500,500,1,NA,251,0.7953835676794587,0.7948253286806874,0.7735755816348561,0.8169304400204206,0.7611681711614384,0.8290625556997899,0.011901744127616909,0.017191860258698902,1,0.02,0.05,0.76,1,p10-p90 and p2.5-p97.5 are ACROSS-SUBSAMPLE RANGES describing design stability. They are NOT confidence intervals and have no coverage interpretation.,"issue_id (without replacement, stratified, nested)",canon_012
ideology,equal-model share Populism,share_zero,share,0.5,500,500,1,NA,312,0.7953835676794587,0.7951762585293614,0.7766466958927208,0.8127016700834366,0.7681647736463291,0.8209621770168678,0.010044196547641437,0.013881698338491566,1,0.02,0.05,0.83,1,p10-p90 and p2.5-p97.5 are ACROSS-SUBSAMPLE RANGES describing design stability. They are NOT confidence intervals and have no coverage interpretation.,"issue_id (without replacement, stratified, nested)",canon_012
ideology,equal-model share Populism,share_zero,share,0.6,500,500,1,NA,376,0.7953835676794587,0.7950604183807999,0.780778132839923,0.8105633235284542,0.7730627032031705,0.818698796732396,0.007636303668304922,0.011701442433754367,1,0.02,0.05,0.91,1,p10-p90 and p2.5-p97.5 are ACROSS-SUBSAMPLE RANGES describing design stability. They are NOT confidence intervals and have no coverage interpretation.,"issue_id (without replacement, stratified, nested)",canon_012
ideology,equal-model share Populism,share_zero,share,0.75,500,500,1,NA,468,0.7953835676794587,0.7949319478845982,0.7854086670994739,0.8063955470738726,0.7803198928376738,0.8122012488131813,0.005527958545481049,0.008304569367451867,1,0.02,0.05,0.986,1,p10-p90 and p2.5-p97.5 are ACROSS-SUBSAMPLE RANGES describing design stability. They are NOT confidence intervals and have no coverage interpretation.,"issue_id (without replacement, stratified, nested)",canon_012
ideology,equal-model share Populism,share_zero,share,0.9,500,500,1,NA,563,0.7953835676794587,0.795251964503437,0.7894733537696293,0.8012356404120549,0.7867032985630799,0.8039634929240367,0.0031003575565250463,0.004555990062538242,1,0.02,0.05,1,1,p10-p90 and p2.5-p97.5 are ACROSS-SUBSAMPLE RANGES describing design stability. They are NOT confidence intervals and have no coverage interpretation.,"issue_id (without replacement, stratified, nested)",canon_012
ideology,equal-model share Populism,share_zero,share,1,1,1,1,NA,624,0.7953835676794587,0.7953835676794587,0.7953835676794587,0.7953835676794587,0.7953835676794587,0.7953835676794587,0,0,1,0.02,0.05,1,1,p10-p90 and p2.5-p97.5 are ACROSS-SUBSAMPLE RANGES describing design stability. They are NOT confidence intervals and have no coverage interpretation.,"issue_id (without replacement, stratified, nested)",canon_012
ideology,equal-model share Social,share_neg1,share,0.1,500,500,1,NA,64,0.106500278950647,0.10629211327605405,0.07144716537432846,0.15044823208935648,0.052102714283142226,0.1698157920048497,0.0202551323269222,0.0317595507906764,1,0.02,0.05,0.498,0.87,p10-p90 and p2.5-p97.5 are ACROSS-SUBSAMPLE RANGES describing design stability. They are NOT confidence intervals and have no coverage interpretation.,"issue_id (without replacement, stratified, nested)",canon_012
ideology,equal-model share Social,share_neg1,share,0.2,500,500,1,NA,126,0.106500278950647,0.10613235066846069,0.08037681494794352,0.13406158713447755,0.06805434260775117,0.14549212241025083,0.01356704915222335,0.02056643320535833,1,0.02,0.05,0.668,0.986,p10-p90 and p2.5-p97.5 are ACROSS-SUBSAMPLE RANGES describing design stability. They are NOT confidence intervals and have no coverage interpretation.,"issue_id (without replacement, stratified, nested)",canon_012
ideology,equal-model share Social,share_neg1,share,0.3,500,500,1,NA,189,0.106500278950647,0.10563858679423607,0.08641977568088127,0.12610230321795549,0.07470847234401976,0.13668892584263964,0.010529428187909806,0.01568115254677793,1,0.02,0.05,0.8,0.998,p10-p90 and p2.5-p97.5 are ACROSS-SUBSAMPLE RANGES describing design stability. They are NOT confidence intervals and have no coverage interpretation.,"issue_id (without replacement, stratified, nested)",canon_012
ideology,equal-model share Social,share_neg1,share,0.4,500,500,1,NA,251,0.106500278950647,0.10605064095916929,0.09013824228798185,0.1231534362452172,0.08335662018702944,0.12976022445147042,0.008727469896731427,0.012382207658110066,1,0.02,0.05,0.896,1,p10-p90 and p2.5-p97.5 are ACROSS-SUBSAMPLE RANGES describing design stability. They are NOT confidence intervals and have no coverage interpretation.,"issue_id (without replacement, stratified, nested)",canon_012
ideology,equal-model share Social,share_neg1,share,0.5,500,500,1,NA,312,0.106500278950647,0.10510491968231378,0.09362183571408507,0.11974919295029866,0.08548816742515884,0.12849856468395765,0.006756436874899727,0.010453283758966626,1,0.02,0.05,0.936,1,p10-p90 and p2.5-p97.5 are ACROSS-SUBSAMPLE RANGES describing design stability. They are NOT confidence intervals and have no coverage interpretation.,"issue_id (without replacement, stratified, nested)",canon_012
ideology,equal-model share Social,share_neg1,share,0.6,500,500,1,NA,376,0.106500278950647,0.10557236711487972,0.09590458877064942,0.117276792778885,0.08909552057676737,0.1226433926527025,0.0056924268358825025,0.008688827519603134,1,0.02,0.05,0.974,1,p10-p90 and p2.5-p97.5 are ACROSS-SUBSAMPLE RANGES describing design stability. They are NOT confidence intervals and have no coverage interpretation.,"issue_id (without replacement, stratified, nested)",canon_012
ideology,equal-model share Social,share_neg1,share,0.75,500,500,1,NA,468,0.106500278950647,0.10634495138199601,0.09849088393949555,0.11386168205375076,0.09469918637311056,0.11776980509993357,0.004075608654490276,0.005942021756211836,1,0.02,0.05,0.998,1,p10-p90 and p2.5-p97.5 are ACROSS-SUBSAMPLE RANGES describing design stability. They are NOT confidence intervals and have no coverage interpretation.,"issue_id (without replacement, stratified, nested)",canon_012
ideology,equal-model share Social,share_neg1,share,0.9,500,500,1,NA,563,0.106500278950647,0.10653048560731647,0.1016848016717135,0.11092285808254398,0.09970904455926131,0.11259969852962115,0.0023501134254606953,0.0034876297562889008,1,0.02,0.05,1,1,p10-p90 and p2.5-p97.5 are ACROSS-SUBSAMPLE RANGES describing design stability. They are NOT confidence intervals and have no coverage interpretation.,"issue_id (without replacement, stratified, nested)",canon_012
ideology,equal-model share Social,share_neg1,share,1,1,1,1,NA,624,0.106500278950647,0.106500278950647,0.106500278950647,0.106500278950647,0.106500278950647,0.106500278950647,0,0,1,0.02,0.05,1,1,p10-p90 and p2.5-p97.5 are ACROSS-SUBSAMPLE RANGES describing design stability. They are NOT confidence intervals and have no coverage interpretation.,"issue_id (without replacement, stratified, nested)",canon_012
ideology,equal-model share Social,share_neg2,share,0.1,500,500,1,NA,64,0.016052430308314745,0.011804801378534086,0,0.034881731591399394,0,0.04520415554260597,0.010279333557395413,0.013878389412247456,0.878,0.02,0.05,0.92,0.996,p10-p90 and p2.5-p97.5 are ACROSS-SUBSAMPLE RANGES describing design stability. They are NOT confidence intervals and have no coverage interpretation.,"issue_id (without replacement, stratified, nested)",canon_012
ideology,equal-model share Social,share_neg2,share,0.2,500,500,1,NA,126,0.016052430308314745,0.015320508202151056,0.00437582229063877,0.03040588117658327,0.0015948699861176143,0.03845218268737862,0.0070575371693143716,0.009803291388609336,0.988,0.02,0.05,0.966,1,p10-p90 and p2.5-p97.5 are ACROSS-SUBSAMPLE RANGES describing design stability. They are NOT confidence intervals and have no coverage interpretation.,"issue_id (without replacement, stratified, nested)",canon_012
ideology,equal-model share Social,share_neg2,share,0.3,500,500,1,NA,189,0.016052430308314745,0.015651663488313084,0.006905833671379891,0.02575807617924447,0.0035958644843806947,0.031422921843693524,0.0053724844318049185,0.007291687411545625,1,0.02,0.05,0.996,1,p10-p90 and p2.5-p97.5 are ACROSS-SUBSAMPLE RANGES describing design stability. They are NOT confidence intervals and have no coverage interpretation.,"issue_id (without replacement, stratified, nested)",canon_012
ideology,equal-model share Social,share_neg2,share,0.4,500,500,1,NA,251,0.016052430308314745,0.01643540743325824,0.008191776962629117,0.023492362371067964,0.005078680534919993,0.02742176746198667,0.0045037741066256565,0.005964950217486379,1,0.02,0.05,1,1,p10-p90 and p2.5-p97.5 are ACROSS-SUBSAMPLE RANGES describing design stability. They are NOT confidence intervals and have no coverage interpretation.,"issue_id (without replacement, stratified, nested)",canon_012
ideology,equal-model share Social,share_neg2,share,0.5,500,500,1,NA,312,0.016052430308314745,0.016414803606029295,0.009616213297905159,0.02208863211829229,0.006515574173317804,0.025474852036925816,0.003477366067919905,0.004859710483246226,1,0.02,0.05,1,1,p10-p90 and p2.5-p97.5 are ACROSS-SUBSAMPLE RANGES describing design stability. They are NOT confidence intervals and have no coverage interpretation.,"issue_id (without replacement, stratified, nested)",canon_012
ideology,equal-model share Social,share_neg2,share,0.6,500,500,1,NA,376,0.016052430308314745,0.0163717087920702,0.01076918700546586,0.021039466260091254,0.00765685949020291,0.023082272344376098,0.002462573378058366,0.0038552631167373705,1,0.02,0.05,1,1,p10-p90 and p2.5-p97.5 are ACROSS-SUBSAMPLE RANGES describing design stability. They are NOT confidence intervals and have no coverage interpretation.,"issue_id (without replacement, stratified, nested)",canon_012
ideology,equal-model share Social,share_neg2,share,0.75,500,500,1,NA,468,0.016052430308314745,0.016312586993329867,0.012410038087366359,0.019441713380630495,0.009674778389820275,0.02068411421462379,0.0019483955797755534,0.002797217909331278,1,0.02,0.05,1,1,p10-p90 and p2.5-p97.5 are ACROSS-SUBSAMPLE RANGES describing design stability. They are NOT confidence intervals and have no coverage interpretation.,"issue_id (without replacement, stratified, nested)",canon_012
ideology,equal-model share Social,share_neg2,share,0.9,500,500,1,NA,563,0.016052430308314745,0.016586772914145887,0.013769112277999538,0.017611672551739826,0.012014260194907596,0.017981081998925473,0.0011643129692796442,0.0015820521335849287,1,0.02,0.05,1,1,p10-p90 and p2.5-p97.5 are ACROSS-SUBSAMPLE RANGES describing design stability. They are NOT confidence intervals and have no coverage interpretation.,"issue_id (without replacement, stratified, nested)",canon_012
ideology,equal-model share Social,share_neg2,share,1,1,1,1,NA,624,0.016052430308314745,0.016052430308314745,0.016052430308314745,0.016052430308314745,0.016052430308314745,0.016052430308314745,0,0,1,0.02,0.05,1,1,p10-p90 and p2.5-p97.5 are ACROSS-SUBSAMPLE RANGES describing design stability. They are NOT confidence intervals and have no coverage interpretation.,"issue_id (without replacement, stratified, nested)",canon_012
ideology,equal-model share Social,share_pos1,share,0.1,500,500,1,NA,64,0.07920032696046009,0.07802436098854422,0.043625871475086786,0.11542190190473489,0.030423403209468368,0.13854620011595875,0.020366644026949567,0.028761693297772478,1,0.02,0.05,0.49,0.936,p10-p90 and p2.5-p97.5 are ACROSS-SUBSAMPLE RANGES describing design stability. They are NOT confidence intervals and have no coverage interpretation.,"issue_id (without replacement, stratified, nested)",canon_012
ideology,equal-model share Social,share_pos1,share,0.2,500,500,1,NA,126,0.07920032696046009,0.07877565757709833,0.05884669473366161,0.09995550570359858,0.048451418716766184,0.11723181354864316,0.011373529263990531,0.017510563144528583,1,0.02,0.05,0.778,0.99,p10-p90 and p2.5-p97.5 are ACROSS-SUBSAMPLE RANGES describing design stability. They are NOT confidence intervals and have no coverage interpretation.,"issue_id (without replacement, stratified, nested)",canon_012
ideology,equal-model share Social,share_pos1,share,0.3,500,500,1,NA,189,0.07920032696046009,0.07838386490648469,0.062314163635085254,0.09637123079160358,0.05324746044843222,0.10636419458516516,0.008177935274871505,0.013227887870631796,1,0.02,0.05,0.858,0.998,p10-p90 and p2.5-p97.5 are ACROSS-SUBSAMPLE RANGES describing design stability. They are NOT confidence intervals and have no coverage interpretation.,"issue_id (without replacement, stratified, nested)",canon_012
ideology,equal-model share Social,share_pos1,share,0.4,500,500,1,NA,251,0.07920032696046009,0.07857514000540636,0.06470164945176872,0.09378025003805021,0.05839101178042588,0.10110726507712997,0.008049512851365084,0.01122739096185589,1,0.02,0.05,0.936,1,p10-p90 and p2.5-p97.5 are ACROSS-SUBSAMPLE RANGES describing design stability. They are NOT confidence intervals and have no coverage interpretation.,"issue_id (without replacement, stratified, nested)",canon_012
ideology,equal-model share Social,share_pos1,share,0.5,500,500,1,NA,312,0.07920032696046009,0.07905243302789924,0.06794079830853833,0.09021120818763599,0.06209222611603887,0.09755747182388386,0.006024986792222117,0.008958126638591106,1,0.02,0.05,0.974,1,p10-p90 and p2.5-p97.5 are ACROSS-SUBSAMPLE RANGES describing design stability. They are NOT confidence intervals and have no coverage interpretation.,"issue_id (without replacement, stratified, nested)",canon_012
ideology,equal-model share Social,share_pos1,share,0.6,500,500,1,NA,376,0.07920032696046009,0.0793804816529226,0.06971554557033043,0.08736707178613648,0.06477064359318734,0.09308162750328194,0.004954232224387206,0.00715386310194111,1,0.02,0.05,0.994,1,p10-p90 and p2.5-p97.5 are ACROSS-SUBSAMPLE RANGES describing design stability. They are NOT confidence intervals and have no coverage interpretation.,"issue_id (without replacement, stratified, nested)",canon_012
ideology,equal-model share Social,share_pos1,share,0.75,500,500,1,NA,468,0.07920032696046009,0.07953999715287174,0.07257086104130653,0.0850957181505297,0.06911671233696377,0.08840147641627444,0.0033359577599387027,0.004982044188292577,1,0.02,0.05,1,1,p10-p90 and p2.5-p97.5 are ACROSS-SUBSAMPLE RANGES describing design stability. They are NOT confidence intervals and have no coverage interpretation.,"issue_id (without replacement, stratified, nested)",canon_012
ideology,equal-model share Social,share_pos1,share,0.9,500,500,1,NA,563,0.07920032696046009,0.07907998381469604,0.07522385451654393,0.08255271111095179,0.07310028271384739,0.0840565904971374,0.002030866027006001,0.002868200301022369,1,0.02,0.05,1,1,p10-p90 and p2.5-p97.5 are ACROSS-SUBSAMPLE RANGES describing design stability. They are NOT confidence intervals and have no coverage interpretation.,"issue_id (without replacement, stratified, nested)",canon_012
ideology,equal-model share Social,share_pos1,share,1,1,1,1,NA,624,0.07920032696046009,0.07920032696046009,0.07920032696046009,0.07920032696046009,0.07920032696046009,0.07920032696046009,0,0,1,0.02,0.05,1,1,p10-p90 and p2.5-p97.5 are ACROSS-SUBSAMPLE RANGES describing design stability. They are NOT confidence intervals and have no coverage interpretation.,"issue_id (without replacement, stratified, nested)",canon_012
ideology,equal-model share Social,share_pos2,share,0.1,500,500,1,NA,64,0.0031569447328714246,0.0012203112203112206,0,0.008753960816806235,0,0.013057611179678416,0.0031569447328714246,0.004009835999673824,0.54,0.02,0.05,1,1,p10-p90 and p2.5-p97.5 are ACROSS-SUBSAMPLE RANGES describing design stability. They are NOT confidence intervals and have no coverage interpretation.,"issue_id (without replacement, stratified, nested)",canon_012
ideology,equal-model share Social,share_pos2,share,0.2,500,500,1,NA,126,0.0031569447328714246,0.0033293033269587904,0,0.007220119494361202,0,0.00912997873981598,0.002373245673310296,0.002829495215027809,0.79,0.02,0.05,1,1,p10-p90 and p2.5-p97.5 are ACROSS-SUBSAMPLE RANGES describing design stability. They are NOT confidence intervals and have no coverage interpretation.,"issue_id (without replacement, stratified, nested)",canon_012
ideology,equal-model share Social,share_pos2,share,0.3,500,500,1,NA,189,0.0031569447328714246,0.0027738524218924388,4.734848484848485e-4,0.005837156621567336,0,0.007544002654443445,0.0013989120308734123,0.0020558788937843917,0.936,0.02,0.05,1,1,p10-p90 and p2.5-p97.5 are ACROSS-SUBSAMPLE RANGES describing design stability. They are NOT confidence intervals and have no coverage interpretation.,"issue_id (without replacement, stratified, nested)",canon_012
ideology,equal-model share Social,share_pos2,share,0.4,500,500,1,NA,251,0.0031569447328714246,0.003098023056967065,7.696114762731369e-4,0.005386545684571386,3.4165433164754736e-4,0.0062986917743916735,0.0011223050228268059,0.0016323920796127746,0.98,0.02,0.05,1,1,p10-p90 and p2.5-p97.5 are ACROSS-SUBSAMPLE RANGES describing design stability. They are NOT confidence intervals and have no coverage interpretation.,"issue_id (without replacement, stratified, nested)",canon_012
ideology,equal-model share Social,share_pos2,share,0.5,500,500,1,NA,312,0.0031569447328714246,0.0031115145484361824,0.001408532040936808,0.0048932862974937165,3.020235578375114e-4,0.005922004213912899,0.0010985030258403193,0.0014045561091113156,0.992,0.02,0.05,1,1,p10-p90 and p2.5-p97.5 are ACROSS-SUBSAMPLE RANGES describing design stability. They are NOT confidence intervals and have no coverage interpretation.,"issue_id (without replacement, stratified, nested)",canon_012
ideology,equal-model share Social,share_pos2,share,0.6,500,500,1,NA,376,0.0031569447328714246,0.0030215540121928466,0.0016918742117926434,0.004507016927750511,0.001288495702459274,0.005196484562067779,7.084516131369129e-4,0.0010691731389804282,0.998,0.02,0.05,1,1,p10-p90 and p2.5-p97.5 are ACROSS-SUBSAMPLE RANGES describing design stability. They are NOT confidence intervals and have no coverage interpretation.,"issue_id (without replacement, stratified, nested)",canon_012
ideology,equal-model share Social,share_pos2,share,0.75,500,500,1,NA,468,0.0031569447328714246,0.003181085478350101,0.0020876861458096713,0.004127906441830317,0.0013974135733559882,0.004311262257497077,5.848228975962953e-4,7.788681609289311e-4,1,0.02,0.05,1,1,p10-p90 and p2.5-p97.5 are ACROSS-SUBSAMPLE RANGES describing design stability. They are NOT confidence intervals and have no coverage interpretation.,"issue_id (without replacement, stratified, nested)",canon_012
ideology,equal-model share Social,share_pos2,share,0.9,500,500,1,NA,563,0.0031569447328714246,0.003372182411721713,0.002613629877962889,0.0035615139862646655,0.0020374217589158214,0.003628819973122194,3.255777750261128e-4,4.237434675448857e-4,1,0.02,0.05,1,1,p10-p90 and p2.5-p97.5 are ACROSS-SUBSAMPLE RANGES describing design stability. They are NOT confidence intervals and have no coverage interpretation.,"issue_id (without replacement, stratified, nested)",canon_012
ideology,equal-model share Social,share_pos2,share,1,1,1,1,NA,624,0.0031569447328714246,0.0031569447328714246,0.0031569447328714246,0.0031569447328714246,0.0031569447328714246,0.0031569447328714246,0,0,1,0.02,0.05,1,1,p10-p90 and p2.5-p97.5 are ACROSS-SUBSAMPLE RANGES describing design stability. They are NOT confidence intervals and have no coverage interpretation.,"issue_id (without replacement, stratified, nested)",canon_012
ideology,equal-model share Social,share_zero,share,0.1,500,500,1,NA,64,0.7950900190477068,0.797990123139604,0.7185408644267434,0.8614376146429421,0.6801467737648872,0.8988749801920038,0.03720372321499926,0.05691069417626145,1,0.02,0.05,0.256,0.648,p10-p90 and p2.5-p97.5 are ACROSS-SUBSAMPLE RANGES describing design stability. They are NOT confidence intervals and have no coverage interpretation.,"issue_id (without replacement, stratified, nested)",canon_012
ideology,equal-model share Social,share_zero,share,0.2,500,500,1,NA,126,0.7950900190477068,0.7960666906734162,0.7465429285412857,0.8409373736131297,0.7233749610813979,0.8612267615038065,0.024640073875307422,0.0365051519323972,1,0.02,0.05,0.41,0.83,p10-p90 and p2.5-p97.5 are ACROSS-SUBSAMPLE RANGES describing design stability. They are NOT confidence intervals and have no coverage interpretation.,"issue_id (without replacement, stratified, nested)",canon_012
ideology,equal-model share Social,share_zero,share,0.3,500,500,1,NA,189,0.7950900190477068,0.7957999305278904,0.7604461151146055,0.8324991801333886,0.7463501406010826,0.8475924447291268,0.01888957557376658,0.027196100767520055,1,0.02,0.05,0.52,0.946,p10-p90 and p2.5-p97.5 are ACROSS-SUBSAMPLE RANGES describing design stability. They are NOT confidence intervals and have no coverage interpretation.,"issue_id (without replacement, stratified, nested)",canon_012
ideology,equal-model share Social,share_zero,share,0.4,500,500,1,NA,251,0.7950900190477068,0.7956324754482709,0.7655720379106241,0.8236561460367758,0.7537805623619824,0.8356164254707097,0.01600685022778986,0.02190087671598192,1,0.02,0.05,0.612,0.986,p10-p90 and p2.5-p97.5 are ACROSS-SUBSAMPLE RANGES describing design stability. They are NOT confidence intervals and have no coverage interpretation.,"issue_id (without replacement, stratified, nested)",canon_012
ideology,equal-model share Social,share_zero,share,0.5,500,500,1,NA,312,0.7950900190477068,0.7960109781705867,0.772067060851525,0.818443838439407,0.7596436981029897,0.8303428960258727,0.012374583141875506,0.01829094200901355,1,0.02,0.05,0.74,0.99,p10-p90 and p2.5-p97.5 are ACROSS-SUBSAMPLE RANGES describing design stability. They are NOT confidence intervals and have no coverage interpretation.,"issue_id (without replacement, stratified, nested)",canon_012
ideology,equal-model share Social,share_zero,share,0.6,500,500,1,NA,376,0.7950900190477068,0.7951305009947758,0.7785276604494786,0.8143764124487977,0.7668700547426902,0.8243319577933942,0.009820790668828738,0.014766799149266,1,0.02,0.05,0.828,0.998,p10-p90 and p2.5-p97.5 are ACROSS-SUBSAMPLE RANGES describing design stability. They are NOT confidence intervals and have no coverage interpretation.,"issue_id (without replacement, stratified, nested)",canon_012
ideology,equal-model share Social,share_zero,share,0.75,500,500,1,NA,468,0.7950900190477068,0.7949858059011607,0.783754266094631,0.8078311928842185,0.7767544233487877,0.8154035516156367,0.006463513770377682,0.009936596480724787,1,0.02,0.05,0.956,1,p10-p90 and p2.5-p97.5 are ACROSS-SUBSAMPLE RANGES describing design stability. They are NOT confidence intervals and have no coverage interpretation.,"issue_id (without replacement, stratified, nested)",canon_012
ideology,equal-model share Social,share_zero,share,0.9,500,500,1,NA,563,0.7950900190477068,0.7952292475220046,0.7878571527074875,0.8030428808594345,0.784616017778297,0.8077199254260423,0.004176025437450437,0.005922510401075319,1,0.02,0.05,1,1,p10-p90 and p2.5-p97.5 are ACROSS-SUBSAMPLE RANGES describing design stability. They are NOT confidence intervals and have no coverage interpretation.,"issue_id (without replacement, stratified, nested)",canon_012
ideology,equal-model share Social,share_zero,share,1,1,1,1,NA,624,0.7950900190477068,0.7950900190477068,0.7950900190477068,0.7950900190477068,0.7950900190477068,0.7950900190477068,0,0,1,0.02,0.05,1,1,p10-p90 and p2.5-p97.5 are ACROSS-SUBSAMPLE RANGES describing design stability. They are NOT confidence intervals and have no coverage interpretation.,"issue_id (without replacement, stratified, nested)",canon_012
language,paired language vs English (equal-model),Arabic,pp,0.1,500,500,1,NA,64,2.329985362140775,2.311449297865173,1.5272393048128339,3.0563214685802462,1.1384164914399908,3.4142172962991335,0.39027684937611384,0.5828246648166564,1,1,2,0.914,0.998,p10-p90 and p2.5-p97.5 are ACROSS-SUBSAMPLE RANGES describing design stability. They are NOT confidence intervals and have no coverage interpretation.,"issue_id (without replacement, stratified, nested)",canon_012
language,paired language vs English (equal-model),Arabic,pp,0.2,500,500,1,NA,126,2.329985362140775,2.312521290777804,1.7882688320363673,2.7971814904882635,1.5966483927591781,3.014256444037042,0.2726820047784899,0.38459494943953604,1,1,2,0.996,1,p10-p90 and p2.5-p97.5 are ACROSS-SUBSAMPLE RANGES describing design stability. They are NOT confidence intervals and have no coverage interpretation.,"issue_id (without replacement, stratified, nested)",canon_012
language,paired language vs English (equal-model),Arabic,pp,0.3,500,500,1,NA,189,2.329985362140775,2.335576399065257,1.9524065901945855,2.721127025063195,1.6967365655781619,2.9561676251227005,0.18818940096446912,0.3024001956589924,1,1,2,1,1,p10-p90 and p2.5-p97.5 are ACROSS-SUBSAMPLE RANGES describing design stability. They are NOT confidence intervals and have no coverage interpretation.,"issue_id (without replacement, stratified, nested)",canon_012
language,paired language vs English (equal-model),Arabic,pp,0.4,500,500,1,NA,251,2.329985362140775,2.329165052603413,2.002761597073059,2.649168703361816,1.8663547979101398,2.8296147238157694,0.16159184604004162,0.24771651539174733,1,1,2,1,1,p10-p90 and p2.5-p97.5 are ACROSS-SUBSAMPLE RANGES describing design stability. They are NOT confidence intervals and have no coverage interpretation.,"issue_id (without replacement, stratified, nested)",canon_012
language,paired language vs English (equal-model),Arabic,pp,0.5,500,500,1,NA,312,2.329985362140775,2.3338951296490666,2.056398616990468,2.588944167397956,1.9144576413332008,2.701789033803272,0.142399189130054,0.2062085458901696,1,1,2,1,1,p10-p90 and p2.5-p97.5 are ACROSS-SUBSAMPLE RANGES describing design stability. They are NOT confidence intervals and have no coverage interpretation.,"issue_id (without replacement, stratified, nested)",canon_012
language,paired language vs English (equal-model),Arabic,pp,0.6,500,500,1,NA,376,2.329985362140775,2.341603923269802,2.1245898993427286,2.5292178106256937,2.008910320032415,2.636510350548886,0.10878888077362703,0.16042491746295048,1,1,2,1,1,p10-p90 and p2.5-p97.5 are ACROSS-SUBSAMPLE RANGES describing design stability. They are NOT confidence intervals and have no coverage interpretation.,"issue_id (without replacement, stratified, nested)",canon_012
language,paired language vs English (equal-model),Arabic,pp,0.75,500,500,1,NA,468,2.329985362140775,2.323513549528593,2.1778006514874817,2.4601695042683778,2.09779115904613,2.5231761467168186,0.07663607764154978,0.11021959309964957,1,1,2,1,1,p10-p90 and p2.5-p97.5 are ACROSS-SUBSAMPLE RANGES describing design stability. They are NOT confidence intervals and have no coverage interpretation.,"issue_id (without replacement, stratified, nested)",canon_012
language,paired language vs English (equal-model),Arabic,pp,0.9,500,500,1,NA,563,2.329985362140775,2.32767251441979,2.24304779770271,2.412494022231302,2.2025053610044965,2.4429553536488244,0.04185145415021929,0.06250875785519835,1,1,2,1,1,p10-p90 and p2.5-p97.5 are ACROSS-SUBSAMPLE RANGES describing design stability. They are NOT confidence intervals and have no coverage interpretation.,"issue_id (without replacement, stratified, nested)",canon_012
language,paired language vs English (equal-model),Arabic,pp,1,1,1,1,NA,624,2.329985362140775,2.329985362140775,2.329985362140775,2.329985362140775,2.329985362140775,2.329985362140775,0,0,1,1,2,1,1,p10-p90 and p2.5-p97.5 are ACROSS-SUBSAMPLE RANGES describing design stability. They are NOT confidence intervals and have no coverage interpretation.,"issue_id (without replacement, stratified, nested)",canon_012
language,paired language vs English (equal-model),Chinese,pp,0.1,500,500,1,NA,64,1.319700388721682,1.242897727272728,0.49275605464089683,2.0581406059202494,0.12935072743389459,2.485332414215687,0.43316964005858044,0.6074342125795698,0.984,1,2,0.896,1,p10-p90 and p2.5-p97.5 are ACROSS-SUBSAMPLE RANGES describing design stability. They are NOT confidence intervals and have no coverage interpretation.,"issue_id (without replacement, stratified, nested)",canon_012
language,paired language vs English (equal-model),Chinese,pp,0.2,500,500,1,NA,126,1.319700388721682,1.2333738638519518,0.7895093795093796,1.74817705244705,0.4830313460172213,1.9806405977820316,0.2751216786122518,0.3833412704399858,1,1,2,0.99,1,p10-p90 and p2.5-p97.5 are ACROSS-SUBSAMPLE RANGES describing design stability. They are NOT confidence intervals and have no coverage interpretation.,"issue_id (without replacement, stratified, nested)",canon_012
language,paired language vs English (equal-model),Chinese,pp,0.3,500,500,1,NA,189,1.319700388721682,1.3087781177838407,0.9228668281772855,1.6689121058004868,0.760047537952671,1.8565891067152824,0.21688247878286648,0.29061808802744116,1,1,2,1,1,p10-p90 and p2.5-p97.5 are ACROSS-SUBSAMPLE RANGES describing design stability. They are NOT confidence intervals and have no coverage interpretation.,"issue_id (without replacement, stratified, nested)",canon_012
language,paired language vs English (equal-model),Chinese,pp,0.4,500,500,1,NA,251,1.319700388721682,1.3189113852294536,1.0015919930067951,1.609439607447576,0.8294826229840905,1.7619792003158539,0.1711640480393437,0.23952613221815547,1,1,2,1,1,p10-p90 and p2.5-p97.5 are ACROSS-SUBSAMPLE RANGES describing design stability. They are NOT confidence intervals and have no coverage interpretation.,"issue_id (without replacement, stratified, nested)",canon_012
language,paired language vs English (equal-model),Chinese,pp,0.5,500,500,1,NA,312,1.319700388721682,1.3085079490260823,1.0838392657445128,1.5555434837535103,0.904289004850074,1.67056092566916,0.13507102175826347,0.19646237309704817,1,1,2,1,1,p10-p90 and p2.5-p97.5 are ACROSS-SUBSAMPLE RANGES describing design stability. They are NOT confidence intervals and have no coverage interpretation.,"issue_id (without replacement, stratified, nested)",canon_012
language,paired language vs English (equal-model),Chinese,pp,0.6,500,500,1,NA,376,1.319700388721682,1.3152662937507316,1.0972723960017787,1.491788842333176,0.9888061599567841,1.572989791029323,0.10479712284179132,0.15435322829544393,1,1,2,1,1,p10-p90 and p2.5-p97.5 are ACROSS-SUBSAMPLE RANGES describing design stability. They are NOT confidence intervals and have no coverage interpretation.,"issue_id (without replacement, stratified, nested)",canon_012
language,paired language vs English (equal-model),Chinese,pp,0.75,500,500,1,NA,468,1.319700388721682,1.3134355619538924,1.1771873949217577,1.4454017725917683,1.0851385356799261,1.5006008492047687,0.07201423847990085,0.10695258320538799,1,1,2,1,1,p10-p90 and p2.5-p97.5 are ACROSS-SUBSAMPLE RANGES describing design stability. They are NOT confidence intervals and have no coverage interpretation.,"issue_id (without replacement, stratified, nested)",canon_012
language,paired language vs English (equal-model),Chinese,pp,0.9,500,500,1,NA,563,1.319700388721682,1.3133535487455825,1.2250234768884047,1.3941843423690257,1.1862307725448826,1.4433773637501048,0.03901887295486317,0.06444340040181151,1,1,2,1,1,p10-p90 and p2.5-p97.5 are ACROSS-SUBSAMPLE RANGES describing design stability. They are NOT confidence intervals and have no coverage interpretation.,"issue_id (without replacement, stratified, nested)",canon_012
language,paired language vs English (equal-model),Chinese,pp,1,1,1,1,NA,624,1.319700388721682,1.319700388721682,1.319700388721682,1.319700388721682,1.319700388721682,1.319700388721682,0,0,1,1,2,1,1,p10-p90 and p2.5-p97.5 are ACROSS-SUBSAMPLE RANGES describing design stability. They are NOT confidence intervals and have no coverage interpretation.,"issue_id (without replacement, stratified, nested)",canon_012
language,paired language vs English (equal-model),Hindi,pp,0.1,500,500,1,NA,64,8.495386495265736,8.47757711038961,7.625013371203245,9.303483893557424,7.158239399798312,9.879068077622666,0.4457159996378133,0.6809916694135286,1,1,2,0.868,0.996,p10-p90 and p2.5-p97.5 are ACROSS-SUBSAMPLE RANGES describing design stability. They are NOT confidence intervals and have no coverage interpretation.,"issue_id (without replacement, stratified, nested)",canon_012
language,paired language vs English (equal-model),Hindi,pp,0.2,500,500,1,NA,126,8.495386495265736,8.449928883832637,7.875844314601019,9.03191771275293,7.609457114883335,9.386054858573903,0.2992190978298712,0.45635322437268394,1,1,2,0.964,1,p10-p90 and p2.5-p97.5 are ACROSS-SUBSAMPLE RANGES describing design stability. They are NOT confidence intervals and have no coverage interpretation.,"issue_id (without replacement, stratified, nested)",canon_012
language,paired language vs English (equal-model),Hindi,pp,0.3,500,500,1,NA,189,8.495386495265736,8.474938967879115,8.075318270944821,8.933836786023795,7.82089402748311,9.138476685683198,0.22349254181720468,0.33918946766278435,1,1,2,0.998,1,p10-p90 and p2.5-p97.5 are ACROSS-SUBSAMPLE RANGES describing design stability. They are NOT confidence intervals and have no coverage interpretation.,"issue_id (without replacement, stratified, nested)",canon_012
language,paired language vs English (equal-model),Hindi,pp,0.4,500,500,1,NA,251,8.495386495265736,8.50382437439203,8.161200656569369,8.848011100395997,7.983860640084348,9.052839116294951,0.18911228190826712,0.2721145727730981,1,1,2,1,1,p10-p90 and p2.5-p97.5 are ACROSS-SUBSAMPLE RANGES describing design stability. They are NOT confidence intervals and have no coverage interpretation.,"issue_id (without replacement, stratified, nested)",canon_012
language,paired language vs English (equal-model),Hindi,pp,0.5,500,500,1,NA,312,8.495386495265736,8.494486917504085,8.218782745270623,8.801743835112855,8.091149177794088,8.94424804271623,0.14523036085933327,0.22448809516830698,1,1,2,1,1,p10-p90 and p2.5-p97.5 are ACROSS-SUBSAMPLE RANGES describing design stability. They are NOT confidence intervals and have no coverage interpretation.,"issue_id (without replacement, stratified, nested)",canon_012
language,paired language vs English (equal-model),Hindi,pp,0.6,500,500,1,NA,376,8.495386495265736,8.496270535703708,8.268746830927379,8.733740059629488,8.178650490617276,8.850488024095691,0.12508325881629556,0.18000478686027152,1,1,2,1,1,p10-p90 and p2.5-p97.5 are ACROSS-SUBSAMPLE RANGES describing design stability. They are NOT confidence intervals and have no coverage interpretation.,"issue_id (without replacement, stratified, nested)",canon_012
language,paired language vs English (equal-model),Hindi,pp,0.75,500,500,1,NA,468,8.495386495265736,8.495176258415817,8.347308720051373,8.66579976585083,8.240389319383873,8.756970634759096,0.08381486413587425,0.12756491420245566,1,1,2,1,1,p10-p90 and p2.5-p97.5 are ACROSS-SUBSAMPLE RANGES describing design stability. They are NOT confidence intervals and have no coverage interpretation.,"issue_id (without replacement, stratified, nested)",canon_012
language,paired language vs English (equal-model),Hindi,pp,0.9,500,500,1,NA,563,8.495386495265736,8.484343214491322,8.399448452215436,8.585189856723899,8.347341456691396,8.638170825984425,0.05333888200679571,0.07612520742594125,1,1,2,1,1,p10-p90 and p2.5-p97.5 are ACROSS-SUBSAMPLE RANGES describing design stability. They are NOT confidence intervals and have no coverage interpretation.,"issue_id (without replacement, stratified, nested)",canon_012
language,paired language vs English (equal-model),Hindi,pp,1,1,1,1,NA,624,8.495386495265736,8.495386495265736,8.495386495265736,8.495386495265736,8.495386495265736,8.495386495265736,0,0,1,1,2,1,1,p10-p90 and p2.5-p97.5 are ACROSS-SUBSAMPLE RANGES describing design stability. They are NOT confidence intervals and have no coverage interpretation.,"issue_id (without replacement, stratified, nested)",canon_012
language,paired language vs English (equal-model),Russian,pp,0.1,500,500,1,NA,64,3.939008290934524,3.936698337482674,3.1953911022278105,4.646175680791541,2.779942160387094,4.984291471263701,0.38936343372352544,0.5728462487265431,1,1,2,0.922,0.998,p10-p90 and p2.5-p97.5 are ACROSS-SUBSAMPLE RANGES describing design stability. They are NOT confidence intervals and have no coverage interpretation.,"issue_id (without replacement, stratified, nested)",canon_012
language,paired language vs English (equal-model),Russian,pp,0.2,500,500,1,NA,126,3.939008290934524,3.9263953592610905,3.4004024144869214,4.40142683520445,3.1293901898389493,4.613756658489837,0.25689189294422077,0.3920306989205378,1,1,2,0.986,1,p10-p90 and p2.5-p97.5 are ACROSS-SUBSAMPLE RANGES describing design stability. They are NOT confidence intervals and have no coverage interpretation.,"issue_id (without replacement, stratified, nested)",canon_012
language,paired language vs English (equal-model),Russian,pp,0.3,500,500,1,NA,189,3.939008290934524,3.935744390578427,3.531321413440619,4.323432257021994,3.329508251150979,4.462581138614392,0.20318206254035154,0.30256114197702116,1,1,2,0.998,1,p10-p90 and p2.5-p97.5 are ACROSS-SUBSAMPLE RANGES describing design stability. They are NOT confidence intervals and have no coverage interpretation.,"issue_id (without replacement, stratified, nested)",canon_012
language,paired language vs English (equal-model),Russian,pp,0.4,500,500,1,NA,251,3.939008290934524,3.952376572577932,3.599074961710625,4.269241874579607,3.392668666508739,4.459418138133272,0.16857099889674632,0.26282330572667495,1,1,2,1,1,p10-p90 and p2.5-p97.5 are ACROSS-SUBSAMPLE RANGES describing design stability. They are NOT confidence intervals and have no coverage interpretation.,"issue_id (without replacement, stratified, nested)",canon_012
language,paired language vs English (equal-model),Russian,pp,0.5,500,500,1,NA,312,3.939008290934524,3.928431089407546,3.6731160305876225,4.1991142278632525,3.5239981741616484,4.337222744840249,0.1430500814123703,0.20743851342132713,1,1,2,1,1,p10-p90 and p2.5-p97.5 are ACROSS-SUBSAMPLE RANGES describing design stability. They are NOT confidence intervals and have no coverage interpretation.,"issue_id (without replacement, stratified, nested)",canon_012
language,paired language vs English (equal-model),Russian,pp,0.6,500,500,1,NA,376,3.939008290934524,3.947231046713325,3.7419950353911986,4.1355434152691,3.6284613423466006,4.221065090584556,0.10613125335668294,0.15642911025606154,1,1,2,1,1,p10-p90 and p2.5-p97.5 are ACROSS-SUBSAMPLE RANGES describing design stability. They are NOT confidence intervals and have no coverage interpretation.,"issue_id (without replacement, stratified, nested)",canon_012
language,paired language vs English (equal-model),Russian,pp,0.75,500,500,1,NA,468,3.939008290934524,3.9351477870763105,3.7917530648896145,4.064319412402148,3.7069671927144787,4.134020652109189,0.07207092416557392,0.1073495200249481,1,1,2,1,1,p10-p90 and p2.5-p97.5 are ACROSS-SUBSAMPLE RANGES describing design stability. They are NOT confidence intervals and have no coverage interpretation.,"issue_id (without replacement, stratified, nested)",canon_012
language,paired language vs English (equal-model),Russian,pp,0.9,500,500,1,NA,563,3.939008290934524,3.9307433968418684,3.86164919974746,4.011226744568459,3.8211193040789455,4.0551548166659765,0.040833712429731994,0.05979471346598612,1,1,2,1,1,p10-p90 and p2.5-p97.5 are ACROSS-SUBSAMPLE RANGES describing design stability. They are NOT confidence intervals and have no coverage interpretation.,"issue_id (without replacement, stratified, nested)",canon_012
language,paired language vs English (equal-model),Russian,pp,1,1,1,1,NA,624,3.939008290934524,3.939008290934524,3.939008290934524,3.939008290934524,3.939008290934524,3.939008290934524,0,0,1,1,2,1,1,p10-p90 and p2.5-p97.5 are ACROSS-SUBSAMPLE RANGES describing design stability. They are NOT confidence intervals and have no coverage interpretation.,"issue_id (without replacement, stratified, nested)",canon_012
moral,equal-model foundation prevalence,Authority / subversion,share,0.1,500,500,1,NA,64,0.13963639900829625,0.1359051299508376,0.08236415110931386,0.19686753535303547,0.057427297789139894,0.23633917199154508,0.029283082203491316,0.045241981943826705,1,0.02,0.05,0.366,0.736,p10-p90 and p2.5-p97.5 are ACROSS-SUBSAMPLE RANGES describing design stability. They are NOT confidence intervals and have no coverage interpretation.,"issue_id (without replacement, stratified, nested)",canon_012
moral,equal-model foundation prevalence,Authority / subversion,share,0.2,500,500,1,NA,126,0.13963639900829625,0.137007536185054,0.09915757384838793,0.17738934231474512,0.0805666580526373,0.19535542584463356,0.02023876382424649,0.029842593914513976,1,0.02,0.05,0.494,0.898,p10-p90 and p2.5-p97.5 are ACROSS-SUBSAMPLE RANGES describing design stability. They are NOT confidence intervals and have no coverage interpretation.,"issue_id (without replacement, stratified, nested)",canon_012
moral,equal-model foundation prevalence,Authority / subversion,share,0.3,500,500,1,NA,189,0.13963639900829625,0.13769791514531984,0.11012425712720565,0.1681111152867985,0.09920454388628713,0.18549216359003112,0.015005163115686455,0.02231515468562029,1,0.02,0.05,0.634,0.978,p10-p90 and p2.5-p97.5 are ACROSS-SUBSAMPLE RANGES describing design stability. They are NOT confidence intervals and have no coverage interpretation.,"issue_id (without replacement, stratified, nested)",canon_012
moral,equal-model foundation prevalence,Authority / subversion,share,0.4,500,500,1,NA,251,0.13963639900829625,0.1387074379051348,0.11496519984862208,0.16453649940467308,0.10344459441295858,0.17845880490616473,0.012462277439356156,0.019018338918476495,1,0.02,0.05,0.71,0.994,p10-p90 and p2.5-p97.5 are ACROSS-SUBSAMPLE RANGES describing design stability. They are NOT confidence intervals and have no coverage interpretation.,"issue_id (without replacement, stratified, nested)",canon_012
moral,equal-model foundation prevalence,Authority / subversion,share,0.5,500,500,1,NA,312,0.13963639900829625,0.13871048113847023,0.11994134443443236,0.1595568412383847,0.10919576658814331,0.16926190797701074,0.01003740483066036,0.015155987898660501,1,0.02,0.05,0.802,1,p10-p90 and p2.5-p97.5 are ACROSS-SUBSAMPLE RANGES describing design stability. They are NOT confidence intervals and have no coverage interpretation.,"issue_id (without replacement, stratified, nested)",canon_012
moral,equal-model foundation prevalence,Authority / subversion,share,0.6,500,500,1,NA,376,0.13963639900829625,0.13927244044993442,0.1233334452415473,0.15371126646965058,0.11531935750681266,0.16258816437776052,0.008146770716612364,0.01190964446327762,1,0.02,0.05,0.908,1,p10-p90 and p2.5-p97.5 are ACROSS-SUBSAMPLE RANGES describing design stability. They are NOT confidence intervals and have no coverage interpretation.,"issue_id (without replacement, stratified, nested)",canon_012
moral,equal-model foundation prevalence,Authority / subversion,share,0.75,500,500,1,NA,468,0.13963639900829625,0.13991439077579115,0.12750788246836076,0.15017595256324734,0.12130619447038415,0.1551145678147586,0.005871688940480416,0.008784074172583901,1,0.02,0.05,0.98,1,p10-p90 and p2.5-p97.5 are ACROSS-SUBSAMPLE RANGES describing design stability. They are NOT confidence intervals and have no coverage interpretation.,"issue_id (without replacement, stratified, nested)",canon_012
moral,equal-model foundation prevalence,Authority / subversion,share,0.9,500,500,1,NA,563,0.13963639900829625,0.13969403403846858,0.13242003877470582,0.14589776863428963,0.12906240538592703,0.14890966495803737,0.003462446700312913,0.005156007503947293,1,0.02,0.05,1,1,p10-p90 and p2.5-p97.5 are ACROSS-SUBSAMPLE RANGES describing design stability. They are NOT confidence intervals and have no coverage interpretation.,"issue_id (without replacement, stratified, nested)",canon_012
moral,equal-model foundation prevalence,Authority / subversion,share,1,1,1,1,NA,624,0.13963639900829625,0.13963639900829625,0.13963639900829625,0.13963639900829625,0.13963639900829625,0.13963639900829625,0,0,1,0.02,0.05,1,1,p10-p90 and p2.5-p97.5 are ACROSS-SUBSAMPLE RANGES describing design stability. They are NOT confidence intervals and have no coverage interpretation.,"issue_id (without replacement, stratified, nested)",canon_012
moral,equal-model foundation prevalence,Care / harm,share,0.1,500,500,1,NA,64,0.49836984401766443,0.5055943908033818,0.40499486530566425,0.6138656953701642,0.36108745881565263,0.662711007153798,0.057231710438533756,0.0810824420897361,1,0.02,0.05,0.182,0.446,p10-p90 and p2.5-p97.5 are ACROSS-SUBSAMPLE RANGES describing design stability. They are NOT confidence intervals and have no coverage interpretation.,"issue_id (without replacement, stratified, nested)",canon_012
moral,equal-model foundation prevalence,Care / harm,share,0.2,500,500,1,NA,126,0.49836984401766443,0.5021118132553386,0.4292048745030436,0.5667477442053396,0.400009037874861,0.6062068711841841,0.036977403013882304,0.05418756652193261,1,0.02,0.05,0.292,0.634,p10-p90 and p2.5-p97.5 are ACROSS-SUBSAMPLE RANGES describing design stability. They are NOT confidence intervals and have no coverage interpretation.,"issue_id (without replacement, stratified, nested)",canon_012
moral,equal-model foundation prevalence,Care / harm,share,0.3,500,500,1,NA,189,0.49836984401766443,0.501319769587296,0.444187196553776,0.5490390444996794,0.41627831847991265,0.5833057612955281,0.028544981033826522,0.04147259308686341,1,0.02,0.05,0.37,0.78,p10-p90 and p2.5-p97.5 are ACROSS-SUBSAMPLE RANGES describing design stability. They are NOT confidence intervals and have no coverage interpretation.,"issue_id (without replacement, stratified, nested)",canon_012
moral,equal-model foundation prevalence,Care / harm,share,0.4,500,500,1,NA,251,0.49836984401766443,0.500332885369138,0.45585288546243913,0.5439811718943042,0.43242076795361223,0.5644286517302046,0.02224233347432203,0.033443867397049035,1,0.02,0.05,0.438,0.878,p10-p90 and p2.5-p97.5 are ACROSS-SUBSAMPLE RANGES describing design stability. They are NOT confidence intervals and have no coverage interpretation.,"issue_id (without replacement, stratified, nested)",canon_012
moral,equal-model foundation prevalence,Care / harm,share,0.5,500,500,1,NA,312,0.49836984401766443,0.49941532134304456,0.4639621341125849,0.5331755362721443,0.4444079396201467,0.5533174737500584,0.0182865737667105,0.027437349842252236,1,0.02,0.05,0.538,0.936,p10-p90 and p2.5-p97.5 are ACROSS-SUBSAMPLE RANGES describing design stability. They are NOT confidence intervals and have no coverage interpretation.,"issue_id (without replacement, stratified, nested)",canon_012
moral,equal-model foundation prevalence,Care / harm,share,0.6,500,500,1,NA,376,0.49836984401766443,0.49910238834918147,0.4730186088934205,0.5271337733001422,0.45691936969018265,0.5437775455775695,0.013883308045336218,0.021707044963212973,1,0.02,0.05,0.662,0.976,p10-p90 and p2.5-p97.5 are ACROSS-SUBSAMPLE RANGES describing design stability. They are NOT confidence intervals and have no coverage interpretation.,"issue_id (without replacement, stratified, nested)",canon_012
moral,equal-model foundation prevalence,Care / harm,share,0.75,500,500,1,NA,468,0.49836984401766443,0.49681427351895435,0.4779950063948705,0.516443922382168,0.46779517224083783,0.5295148487366454,0.009587147062720985,0.015619415876857688,1,0.02,0.05,0.812,0.996,p10-p90 and p2.5-p97.5 are ACROSS-SUBSAMPLE RANGES describing design stability. They are NOT confidence intervals and have no coverage interpretation.,"issue_id (without replacement, stratified, nested)",canon_012
moral,equal-model foundation prevalence,Care / harm,share,0.9,500,500,1,NA,563,0.49836984401766443,0.4988140358782851,0.48719221388510153,0.5105202985570533,0.4814809402911102,0.517118072882442,0.0059580740881574334,0.009134290432272329,1,0.02,0.05,0.974,1,p10-p90 and p2.5-p97.5 are ACROSS-SUBSAMPLE RANGES describing design stability. They are NOT confidence intervals and have no coverage interpretation.,"issue_id (without replacement, stratified, nested)",canon_012
moral,equal-model foundation prevalence,Care / harm,share,1,1,1,1,NA,624,0.49836984401766443,0.49836984401766443,0.49836984401766443,0.49836984401766443,0.49836984401766443,0.49836984401766443,0,0,1,0.02,0.05,1,1,p10-p90 and p2.5-p97.5 are ACROSS-SUBSAMPLE RANGES describing design stability. They are NOT confidence intervals and have no coverage interpretation.,"issue_id (without replacement, stratified, nested)",canon_012
moral,equal-model foundation prevalence,Fairness / cheating,share,0.1,500,500,1,NA,64,0.6068741925887104,0.6135820308577855,0.5201976372416727,0.6854254596100794,0.4786319159528586,0.736694180594816,0.04374411134349332,0.06559847689738464,1,0.02,0.05,0.222,0.56,p10-p90 and p2.5-p97.5 are ACROSS-SUBSAMPLE RANGES describing design stability. They are NOT confidence intervals and have no coverage interpretation.,"issue_id (without replacement, stratified, nested)",canon_012
moral,equal-model foundation prevalence,Fairness / cheating,share,0.2,500,500,1,NA,126,0.6068741925887104,0.6091581727441285,0.5533958526123464,0.6661538267364941,0.5255300688091484,0.6915103231573125,0.029863865587060057,0.04323387985641048,1,0.02,0.05,0.354,0.756,p10-p90 and p2.5-p97.5 are ACROSS-SUBSAMPLE RANGES describing design stability. They are NOT confidence intervals and have no coverage interpretation.,"issue_id (without replacement, stratified, nested)",canon_012
moral,equal-model foundation prevalence,Fairness / cheating,share,0.3,500,500,1,NA,189,0.6068741925887104,0.6065092996013767,0.5624473955244553,0.6479941218598649,0.5381309478719092,0.6701387851491802,0.022077330320245503,0.03272909043469479,1,0.02,0.05,0.454,0.876,p10-p90 and p2.5-p97.5 are ACROSS-SUBSAMPLE RANGES describing design stability. They are NOT confidence intervals and have no coverage interpretation.,"issue_id (without replacement, stratified, nested)",canon_012
moral,equal-model foundation prevalence,Fairness / cheating,share,0.4,500,500,1,NA,251,0.6068741925887104,0.6047985953947626,0.570216083479933,0.6397450878607398,0.5539409505836308,0.6588439639663821,0.020261874008118297,0.027467198760443463,1,0.02,0.05,0.488,0.93,p10-p90 and p2.5-p97.5 are ACROSS-SUBSAMPLE RANGES describing design stability. They are NOT confidence intervals and have no coverage interpretation.,"issue_id (without replacement, stratified, nested)",canon_012
moral,equal-model foundation prevalence,Fairness / cheating,share,0.5,500,500,1,NA,312,0.6068741925887104,0.6058101438990307,0.575557604631161,0.6330408491066298,0.5621477406972326,0.6448323003430482,0.014818846109833972,0.022202843205858153,1,0.02,0.05,0.614,0.974,p10-p90 and p2.5-p97.5 are ACROSS-SUBSAMPLE RANGES describing design stability. They are NOT confidence intervals and have no coverage interpretation.,"issue_id (without replacement, stratified, nested)",canon_012
moral,equal-model foundation prevalence,Fairness / cheating,share,0.6,500,500,1,NA,376,0.6068741925887104,0.6061033193986325,0.5839649736704667,0.6287254656503978,0.572877608646801,0.6397470933324474,0.012760105558656254,0.017522914260413667,1,0.02,0.05,0.728,0.998,p10-p90 and p2.5-p97.5 are ACROSS-SUBSAMPLE RANGES describing design stability. They are NOT confidence intervals and have no coverage interpretation.,"issue_id (without replacement, stratified, nested)",canon_012
moral,equal-model foundation prevalence,Fairness / cheating,share,0.75,500,500,1,NA,468,0.6068741925887104,0.605662203595511,0.590481150692341,0.621646334564377,0.5794602562158818,0.6300103306596448,0.007844295275482416,0.012349544564592982,1,0.02,0.05,0.896,1,p10-p90 and p2.5-p97.5 are ACROSS-SUBSAMPLE RANGES describing design stability. They are NOT confidence intervals and have no coverage interpretation.,"issue_id (without replacement, stratified, nested)",canon_012
moral,equal-model foundation prevalence,Fairness / cheating,share,0.9,500,500,1,NA,563,0.6068741925887104,0.6066070371814951,0.5979847069524034,0.6152199502094305,0.592672612681579,0.6204964977047867,0.00436874679556748,0.0067513232111881035,1,0.02,0.05,1,1,p10-p90 and p2.5-p97.5 are ACROSS-SUBSAMPLE RANGES describing design stability. They are NOT confidence intervals and have no coverage interpretation.,"issue_id (without replacement, stratified, nested)",canon_012
moral,equal-model foundation prevalence,Fairness / cheating,share,1,1,1,1,NA,624,0.6068741925887104,0.6068741925887104,0.6068741925887104,0.6068741925887104,0.6068741925887104,0.6068741925887104,0,0,1,0.02,0.05,1,1,p10-p90 and p2.5-p97.5 are ACROSS-SUBSAMPLE RANGES describing design stability. They are NOT confidence intervals and have no coverage interpretation.,"issue_id (without replacement, stratified, nested)",canon_012
moral,equal-model foundation prevalence,Liberty / oppression,share,0.1,500,500,1,NA,64,0.47134218403735895,0.47157148363804136,0.397420323520337,0.5459909406715437,0.3482883040052956,0.6068585149475467,0.038512257029114066,0.06240719970721281,1,0.02,0.05,0.274,0.6,p10-p90 and p2.5-p97.5 are ACROSS-SUBSAMPLE RANGES describing design stability. They are NOT confidence intervals and have no coverage interpretation.,"issue_id (without replacement, stratified, nested)",canon_012
moral,equal-model foundation prevalence,Liberty / oppression,share,0.2,500,500,1,NA,126,0.47134218403735895,0.46996933815745373,0.4184934280015385,0.5252387486956587,0.38886566386062804,0.5588706625558105,0.02894697759497397,0.042581404129590834,1,0.02,0.05,0.362,0.756,p10-p90 and p2.5-p97.5 are ACROSS-SUBSAMPLE RANGES describing design stability. They are NOT confidence intervals and have no coverage interpretation.,"issue_id (without replacement, stratified, nested)",canon_012
moral,equal-model foundation prevalence,Liberty / oppression,share,0.3,500,500,1,NA,189,0.47134218403735895,0.47107821821181306,0.4286570680248138,0.5087753920725945,0.40831768104973465,0.5276713851681327,0.02084620899638648,0.03106650917188671,1,0.02,0.05,0.482,0.888,p10-p90 and p2.5-p97.5 are ACROSS-SUBSAMPLE RANGES describing design stability. They are NOT confidence intervals and have no coverage interpretation.,"issue_id (without replacement, stratified, nested)",canon_012
moral,equal-model foundation prevalence,Liberty / oppression,share,0.4,500,500,1,NA,251,0.47134218403735895,0.47106938505738655,0.43745817006622345,0.5019241144015281,0.42029440886601654,0.5170859498294968,0.017482228566543273,0.025185653044580807,1,0.02,0.05,0.572,0.954,p10-p90 and p2.5-p97.5 are ACROSS-SUBSAMPLE RANGES describing design stability. They are NOT confidence intervals and have no coverage interpretation.,"issue_id (without replacement, stratified, nested)",canon_012
moral,equal-model foundation prevalence,Liberty / oppression,share,0.5,500,500,1,NA,312,0.47134218403735895,0.47046724219714153,0.4443338224763568,0.49980173232909253,0.42846223692848157,0.5128642492832511,0.014507859716920896,0.021298462067397127,1,0.02,0.05,0.64,0.984,p10-p90 and p2.5-p97.5 are ACROSS-SUBSAMPLE RANGES describing design stability. They are NOT confidence intervals and have no coverage interpretation.,"issue_id (without replacement, stratified, nested)",canon_012
moral,equal-model foundation prevalence,Liberty / oppression,share,0.6,500,500,1,NA,376,0.47134218403735895,0.47111187639233365,0.45055324582979017,0.49355949644728403,0.4398891422429988,0.506928634650762,0.011680877277290447,0.01722585845880831,1,0.02,0.05,0.768,0.998,p10-p90 and p2.5-p97.5 are ACROSS-SUBSAMPLE RANGES describing design stability. They are NOT confidence intervals and have no coverage interpretation.,"issue_id (without replacement, stratified, nested)",canon_012
moral,equal-model foundation prevalence,Liberty / oppression,share,0.75,500,500,1,NA,468,0.47134218403735895,0.47111221335349907,0.45571184595099734,0.4862814335563489,0.44950346326417046,0.49720885752318833,0.0075450715592148,0.012082403788863976,1,0.02,0.05,0.9,1,p10-p90 and p2.5-p97.5 are ACROSS-SUBSAMPLE RANGES describing design stability. They are NOT confidence intervals and have no coverage interpretation.,"issue_id (without replacement, stratified, nested)",canon_012
moral,equal-model foundation prevalence,Liberty / oppression,share,0.9,500,500,1,NA,563,0.47134218403735895,0.4715087543825094,0.46362500553322405,0.47970757827040955,0.45806696925913626,0.48476487697761794,0.004304705384617774,0.006528993645278241,1,0.02,0.05,0.998,1,p10-p90 and p2.5-p97.5 are ACROSS-SUBSAMPLE RANGES describing design stability. They are NOT confidence intervals and have no coverage interpretation.,"issue_id (without replacement, stratified, nested)",canon_012
moral,equal-model foundation prevalence,Liberty / oppression,share,1,1,1,1,NA,624,0.47134218403735895,0.47134218403735895,0.47134218403735895,0.47134218403735895,0.47134218403735895,0.47134218403735895,0,0,1,0.02,0.05,1,1,p10-p90 and p2.5-p97.5 are ACROSS-SUBSAMPLE RANGES describing design stability. They are NOT confidence intervals and have no coverage interpretation.,"issue_id (without replacement, stratified, nested)",canon_012
moral,equal-model foundation prevalence,Loyalty / betrayal,share,0.1,500,500,1,NA,64,0.0844381013245755,0.0794925373428993,0.04473953191230449,0.1207229524233744,0.030467810677838218,0.14685083581356279,0.020543092495163687,0.030310132951575527,1,0.02,0.05,0.488,0.908,p10-p90 and p2.5-p97.5 are ACROSS-SUBSAMPLE RANGES describing design stability. They are NOT confidence intervals and have no coverage interpretation.,"issue_id (without replacement, stratified, nested)",canon_012
moral,equal-model foundation prevalence,Loyalty / betrayal,share,0.2,500,500,1,NA,126,0.0844381013245755,0.08334136277926438,0.05729738998270237,0.1109269222905901,0.045025250697879445,0.12732708158210576,0.01457405108650723,0.02108118471766018,1,0.02,0.05,0.652,0.984,p10-p90 and p2.5-p97.5 are ACROSS-SUBSAMPLE RANGES describing design stability. They are NOT confidence intervals and have no coverage interpretation.,"issue_id (without replacement, stratified, nested)",canon_012
moral,equal-model foundation prevalence,Loyalty / betrayal,share,0.3,500,500,1,NA,189,0.0844381013245755,0.08453153890606602,0.06528112691925501,0.10489969463525811,0.05336144838498636,0.11614960685465331,0.010726008718457698,0.015923326264837473,1,0.02,0.05,0.792,1,p10-p90 and p2.5-p97.5 are ACROSS-SUBSAMPLE RANGES describing design stability. They are NOT confidence intervals and have no coverage interpretation.,"issue_id (without replacement, stratified, nested)",canon_012
moral,equal-model foundation prevalence,Loyalty / betrayal,share,0.4,500,500,1,NA,251,0.0844381013245755,0.08457354620200991,0.06752411162613678,0.10063408927710903,0.060950736172182746,0.10834786323272895,0.00915879739059193,0.012706432165531283,1,0.02,0.05,0.89,1,p10-p90 and p2.5-p97.5 are ACROSS-SUBSAMPLE RANGES describing design stability. They are NOT confidence intervals and have no coverage interpretation.,"issue_id (without replacement, stratified, nested)",canon_012
moral,equal-model foundation prevalence,Loyalty / betrayal,share,0.5,500,500,1,NA,312,0.0844381013245755,0.08512339260009655,0.07119683646084228,0.09895909980609069,0.06534561216393654,0.10440899597595193,0.007508636221556175,0.010519470287094001,1,0.02,0.05,0.958,1,p10-p90 and p2.5-p97.5 are ACROSS-SUBSAMPLE RANGES describing design stability. They are NOT confidence intervals and have no coverage interpretation.,"issue_id (without replacement, stratified, nested)",canon_012
moral,equal-model foundation prevalence,Loyalty / betrayal,share,0.6,500,500,1,NA,376,0.0844381013245755,0.08477382224128746,0.07311542684183109,0.09600729651028714,0.06730297135952575,0.10134442846118809,0.006038586924425417,0.008809128428250927,1,0.02,0.05,0.984,1,p10-p90 and p2.5-p97.5 are ACROSS-SUBSAMPLE RANGES describing design stability. They are NOT confidence intervals and have no coverage interpretation.,"issue_id (without replacement, stratified, nested)",canon_012
moral,equal-model foundation prevalence,Loyalty / betrayal,share,0.75,500,500,1,NA,468,0.0844381013245755,0.08523836882790725,0.07606737640513873,0.09269544828365223,0.07187790247191655,0.09610945890145045,0.004341547072007186,0.006320740721490933,1,0.02,0.05,1,1,p10-p90 and p2.5-p97.5 are ACROSS-SUBSAMPLE RANGES describing design stability. They are NOT confidence intervals and have no coverage interpretation.,"issue_id (without replacement, stratified, nested)",canon_012
moral,equal-model foundation prevalence,Loyalty / betrayal,share,0.9,500,500,1,NA,563,0.0844381013245755,0.08472317161550899,0.07974656428305449,0.08850034063108243,0.0768089488878416,0.08989779320152994,0.002466867626134607,0.003526671002348501,1,0.02,0.05,1,1,p10-p90 and p2.5-p97.5 are ACROSS-SUBSAMPLE RANGES describing design stability. They are NOT confidence intervals and have no coverage interpretation.,"issue_id (without replacement, stratified, nested)",canon_012
moral,equal-model foundation prevalence,Loyalty / betrayal,share,1,1,1,1,NA,624,0.0844381013245755,0.0844381013245755,0.0844381013245755,0.0844381013245755,0.0844381013245755,0.0844381013245755,0,0,1,0.02,0.05,1,1,p10-p90 and p2.5-p97.5 are ACROSS-SUBSAMPLE RANGES describing design stability. They are NOT confidence intervals and have no coverage interpretation.,"issue_id (without replacement, stratified, nested)",canon_012
moral,equal-model foundation prevalence,Sanctity / degradation,share,0.1,500,500,1,NA,64,0.03146870700799005,0.029921189835033706,0.011090703414232825,0.05497476198197011,0.0058498039312736266,0.07198165052863771,0.012493590718450931,0.01723803079657348,0.998,0.02,0.05,0.752,0.994,p10-p90 and p2.5-p97.5 are ACROSS-SUBSAMPLE RANGES describing design stability. They are NOT confidence intervals and have no coverage interpretation.,"issue_id (without replacement, stratified, nested)",canon_012
moral,equal-model foundation prevalence,Sanctity / degradation,share,0.2,500,500,1,NA,126,0.03146870700799005,0.031062556842140498,0.017977865251297572,0.04699399867006224,0.012959816349756972,0.05858990056689422,0.0076241848094994215,0.011453358278481627,1,0.02,0.05,0.936,1,p10-p90 and p2.5-p97.5 are ACROSS-SUBSAMPLE RANGES describing design stability. They are NOT confidence intervals and have no coverage interpretation.,"issue_id (without replacement, stratified, nested)",canon_012
moral,equal-model foundation prevalence,Sanctity / degradation,share,0.3,500,500,1,NA,189,0.03146870700799005,0.030584406871291325,0.02102009630145809,0.04278357009029537,0.016847580283154154,0.047773518026972786,0.00603696146530033,0.008423519350367049,1,0.02,0.05,0.994,1,p10-p90 and p2.5-p97.5 are ACROSS-SUBSAMPLE RANGES describing design stability. They are NOT confidence intervals and have no coverage interpretation.,"issue_id (without replacement, stratified, nested)",canon_012
moral,equal-model foundation prevalence,Sanctity / degradation,share,0.4,500,500,1,NA,251,0.03146870700799005,0.031892772798475924,0.022728349866278613,0.04099459487862403,0.018916393955296658,0.04520060175305039,0.0048955273256249855,0.006905915385567862,1,0.02,0.05,1,1,p10-p90 and p2.5-p97.5 are ACROSS-SUBSAMPLE RANGES describing design stability. They are NOT confidence intervals and have no coverage interpretation.,"issue_id (without replacement, stratified, nested)",canon_012
moral,equal-model foundation prevalence,Sanctity / degradation,share,0.5,500,500,1,NA,312,0.03146870700799005,0.03153606850357238,0.023810206492033366,0.03842668168768126,0.020388744053159148,0.04223858217235914,0.00425319754936899,0.0057077479109501695,1,0.02,0.05,1,1,p10-p90 and p2.5-p97.5 are ACROSS-SUBSAMPLE RANGES describing design stability. They are NOT confidence intervals and have no coverage interpretation.,"issue_id (without replacement, stratified, nested)",canon_012
moral,equal-model foundation prevalence,Sanctity / degradation,share,0.6,500,500,1,NA,376,0.03146870700799005,0.03155094764672661,0.02506436271737328,0.037303118068573116,0.023120532158178983,0.040132981676335146,0.003286254243390992,0.004625964631514578,1,0.02,0.05,1,1,p10-p90 and p2.5-p97.5 are ACROSS-SUBSAMPLE RANGES describing design stability. They are NOT confidence intervals and have no coverage interpretation.,"issue_id (without replacement, stratified, nested)",canon_012
moral,equal-model foundation prevalence,Sanctity / degradation,share,0.75,500,500,1,NA,468,0.03146870700799005,0.03172256642008936,0.026943040277808885,0.03540845719078282,0.02426413158032681,0.03697051210250758,0.0022061733426699363,0.0033339032519900105,1,0.02,0.05,1,1,p10-p90 and p2.5-p97.5 are ACROSS-SUBSAMPLE RANGES describing design stability. They are NOT confidence intervals and have no coverage interpretation.,"issue_id (without replacement, stratified, nested)",canon_012
moral,equal-model foundation prevalence,Sanctity / degradation,share,0.9,500,500,1,NA,563,0.03146870700799005,0.031773001853580576,0.028920010641430006,0.03363732650479809,0.027373562189617676,0.03429355115816935,0.0012666632192863143,0.0018136647863639976,1,0.02,0.05,1,1,p10-p90 and p2.5-p97.5 are ACROSS-SUBSAMPLE RANGES describing design stability. They are NOT confidence intervals and have no coverage interpretation.,"issue_id (without replacement, stratified, nested)",canon_012
moral,equal-model foundation prevalence,Sanctity / degradation,share,1,1,1,1,NA,624,0.03146870700799005,0.03146870700799005,0.03146870700799005,0.03146870700799005,0.03146870700799005,0.03146870700799005,0,0,1,0.02,0.05,1,1,p10-p90 and p2.5-p97.5 are ACROSS-SUBSAMPLE RANGES describing design stability. They are NOT confidence intervals and have no coverage interpretation.,"issue_id (without replacement, stratified, nested)",canon_012
psa,pairwise PSA (mean over judge pairs),Authority / subversion,share,0.1,500,500,1,NA,64,0.5123412616157422,0.4967049621213724,0.38892799396034117,0.5977655390387022,0.30380575694424766,0.6465706395825851,0.05435965449152308,0.08669309116645854,1,0.02,0.05,0.184,0.47,p10-p90 and p2.5-p97.5 are ACROSS-SUBSAMPLE RANGES describing design stability. They are NOT confidence intervals and have no coverage interpretation.,"issue_id (without replacement, stratified, nested)",canon_012
psa,pairwise PSA (mean over judge pairs),Authority / subversion,share,0.2,500,500,1,NA,126,0.5123412616157422,0.5097159032517097,0.42763280042263324,0.5695498238851866,0.3862061797309402,0.5926920337820232,0.03810183842904133,0.05669714259834163,1,0.02,0.05,0.274,0.616,p10-p90 and p2.5-p97.5 are ACROSS-SUBSAMPLE RANGES describing design stability. They are NOT confidence intervals and have no coverage interpretation.,"issue_id (without replacement, stratified, nested)",canon_012
psa,pairwise PSA (mean over judge pairs),Authority / subversion,share,0.3,500,500,1,NA,189,0.5123412616157422,0.5115102328533047,0.4505368682121005,0.5560803958007325,0.4239930599878605,0.5755108558030281,0.02591107091179992,0.04053901321889336,1,0.02,0.05,0.386,0.78,p10-p90 and p2.5-p97.5 are ACROSS-SUBSAMPLE RANGES describing design stability. They are NOT confidence intervals and have no coverage interpretation.,"issue_id (without replacement, stratified, nested)",canon_012
psa,pairwise PSA (mean over judge pairs),Authority / subversion,share,0.4,500,500,1,NA,251,0.5123412616157422,0.5117926317252857,0.46383157368904554,0.5486565179784134,0.4409800907238373,0.5665967618497068,0.02069749305281937,0.033500383686608785,1,0.02,0.05,0.488,0.868,p10-p90 and p2.5-p97.5 are ACROSS-SUBSAMPLE RANGES describing design stability. They are NOT confidence intervals and have no coverage interpretation.,"issue_id (without replacement, stratified, nested)",canon_012
psa,pairwise PSA (mean over judge pairs),Authority / subversion,share,0.5,500,500,1,NA,312,0.5123412616157422,0.5125026482520652,0.47552250829408693,0.5426985057501876,0.45235430100515395,0.5554996410350305,0.017458158624746672,0.026535834315140602,1,0.02,0.05,0.564,0.928,p10-p90 and p2.5-p97.5 are ACROSS-SUBSAMPLE RANGES describing design stability. They are NOT confidence intervals and have no coverage interpretation.,"issue_id (without replacement, stratified, nested)",canon_012
psa,pairwise PSA (mean over judge pairs),Authority / subversion,share,0.6,500,500,1,NA,376,0.5123412616157422,0.5125247514296003,0.48176947904888456,0.5339939136571049,0.4652044773980487,0.5476914127812622,0.014686229605628709,0.021089661014068662,1,0.02,0.05,0.672,0.982,p10-p90 and p2.5-p97.5 are ACROSS-SUBSAMPLE RANGES describing design stability. They are NOT confidence intervals and have no coverage interpretation.,"issue_id (without replacement, stratified, nested)",canon_012
psa,pairwise PSA (mean over judge pairs),Authority / subversion,share,0.75,500,500,1,NA,468,0.5123412616157422,0.5117982299461357,0.4916629330910906,0.5288214691771047,0.4775037396095476,0.5358415673724604,0.00975230131134247,0.015041373109875125,1,0.02,0.05,0.846,0.996,p10-p90 and p2.5-p97.5 are ACROSS-SUBSAMPLE RANGES describing design stability. They are NOT confidence intervals and have no coverage interpretation.,"issue_id (without replacement, stratified, nested)",canon_012
psa,pairwise PSA (mean over judge pairs),Authority / subversion,share,0.9,500,500,1,NA,563,0.5123412616157422,0.5133269835986083,0.5001782666516545,0.5227527290005696,0.4924635452885917,0.527137537711696,0.006032643566428186,0.008875786919692468,1,0.02,0.05,0.974,1,p10-p90 and p2.5-p97.5 are ACROSS-SUBSAMPLE RANGES describing design stability. They are NOT confidence intervals and have no coverage interpretation.,"issue_id (without replacement, stratified, nested)",canon_012
psa,pairwise PSA (mean over judge pairs),Authority / subversion,share,1,1,1,1,NA,624,0.5123412616157422,0.5123412616157422,0.5123412616157422,0.5123412616157422,0.5123412616157422,0.5123412616157422,0,0,1,0.02,0.05,1,1,p10-p90 and p2.5-p97.5 are ACROSS-SUBSAMPLE RANGES describing design stability. They are NOT confidence intervals and have no coverage interpretation.,"issue_id (without replacement, stratified, nested)",canon_012
psa,pairwise PSA (mean over judge pairs),Care / harm,share,0.1,500,500,1,NA,64,0.8503670333230532,0.8505212317166571,0.8104103811372799,0.8855588611866823,0.7679380337332746,0.9007425068296684,0.02090605650279037,0.032269404338093104,1,0.02,0.05,0.476,0.906,p10-p90 and p2.5-p97.5 are ACROSS-SUBSAMPLE RANGES describing design stability. They are NOT confidence intervals and have no coverage interpretation.,"issue_id (without replacement, stratified, nested)",canon_012
psa,pairwise PSA (mean over judge pairs),Care / harm,share,0.2,500,500,1,NA,126,0.8503670333230532,0.8506697564563828,0.8197159493655529,0.8758069943181734,0.8002896276096382,0.8848539288107498,0.014080993307171774,0.021817683388295768,1,0.02,0.05,0.654,0.97,p10-p90 and p2.5-p97.5 are ACROSS-SUBSAMPLE RANGES describing design stability. They are NOT confidence intervals and have no coverage interpretation.,"issue_id (without replacement, stratified, nested)",canon_012
psa,pairwise PSA (mean over judge pairs),Care / harm,share,0.3,500,500,1,NA,189,0.8503670333230532,0.8504571379889054,0.8260575893035287,0.8695137519174696,0.81245988914744,0.8755487908218726,0.009608386644864242,0.016333950884939615,1,0.02,0.05,0.782,0.992,p10-p90 and p2.5-p97.5 are ACROSS-SUBSAMPLE RANGES describing design stability. They are NOT confidence intervals and have no coverage interpretation.,"issue_id (without replacement, stratified, nested)",canon_012
psa,pairwise PSA (mean over judge pairs),Care / harm,share,0.4,500,500,1,NA,251,0.8503670333230532,0.8508402095955554,0.8331940271444811,0.8658366618488469,0.8249139093428858,0.8724621160172774,0.008497270260486856,0.01287286112416386,1,0.02,0.05,0.886,0.998,p10-p90 and p2.5-p97.5 are ACROSS-SUBSAMPLE RANGES describing design stability. They are NOT confidence intervals and have no coverage interpretation.,"issue_id (without replacement, stratified, nested)",canon_012
psa,pairwise PSA (mean over judge pairs),Care / harm,share,0.5,500,500,1,NA,312,0.8503670333230532,0.8499115506294389,0.8358843368892267,0.8630892974057952,0.8289445064022913,0.8677952545224474,0.007286292891832413,0.010622904933632958,1,0.02,0.05,0.954,1,p10-p90 and p2.5-p97.5 are ACROSS-SUBSAMPLE RANGES describing design stability. They are NOT confidence intervals and have no coverage interpretation.,"issue_id (without replacement, stratified, nested)",canon_012
psa,pairwise PSA (mean over judge pairs),Care / harm,share,0.6,500,500,1,NA,376,0.8503670333230532,0.8503988533873639,0.8396826084980757,0.8604542711622688,0.8335741407027595,0.8647842899150041,0.005734317005510192,0.008158915233133796,1,0.02,0.05,0.988,1,p10-p90 and p2.5-p97.5 are ACROSS-SUBSAMPLE RANGES describing design stability. They are NOT confidence intervals and have no coverage interpretation.,"issue_id (without replacement, stratified, nested)",canon_012
psa,pairwise PSA (mean over judge pairs),Care / harm,share,0.75,500,500,1,NA,468,0.8503670333230532,0.8501394126716914,0.8428394232959814,0.8572734509518722,0.8387836030942601,0.8606865285044724,0.0034591610655807514,0.005649861312091765,1,0.02,0.05,0.998,1,p10-p90 and p2.5-p97.5 are ACROSS-SUBSAMPLE RANGES describing design stability. They are NOT confidence intervals and have no coverage interpretation.,"issue_id (without replacement, stratified, nested)",canon_012
psa,pairwise PSA (mean over judge pairs),Care / harm,share,0.9,500,500,1,NA,563,0.8503670333230532,0.8504694181466617,0.8459121706438939,0.8542085237536164,0.8431733640863409,0.8564672131122701,0.002013774667075363,0.003276935011147685,1,0.02,0.05,1,1,p10-p90 and p2.5-p97.5 are ACROSS-SUBSAMPLE RANGES describing design stability. They are NOT confidence intervals and have no coverage interpretation.,"issue_id (without replacement, stratified, nested)",canon_012
psa,pairwise PSA (mean over judge pairs),Care / harm,share,1,1,1,1,NA,624,0.8503670333230532,0.8503670333230532,0.8503670333230532,0.8503670333230532,0.8503670333230532,0.8503670333230532,0,0,1,0.02,0.05,1,1,p10-p90 and p2.5-p97.5 are ACROSS-SUBSAMPLE RANGES describing design stability. They are NOT confidence intervals and have no coverage interpretation.,"issue_id (without replacement, stratified, nested)",canon_012
psa,pairwise PSA (mean over judge pairs),Fairness / cheating,share,0.1,500,500,1,NA,64,0.8604619010704837,0.8621372405625538,0.8184852150602017,0.8911637732992036,0.7951771435182217,0.9095336701649179,0.01809661339405738,0.029335587230325706,1,0.02,0.05,0.544,0.912,p10-p90 and p2.5-p97.5 are ACROSS-SUBSAMPLE RANGES describing design stability. They are NOT confidence intervals and have no coverage interpretation.,"issue_id (without replacement, stratified, nested)",canon_012
psa,pairwise PSA (mean over judge pairs),Fairness / cheating,share,0.2,500,500,1,NA,126,0.8604619010704837,0.8608468362369365,0.8357673159481591,0.8847152980149036,0.8182527944221789,0.8959773869896646,0.012245654510336434,0.019331767579176585,1,0.02,0.05,0.7,0.994,p10-p90 and p2.5-p97.5 are ACROSS-SUBSAMPLE RANGES describing design stability. They are NOT confidence intervals and have no coverage interpretation.,"issue_id (without replacement, stratified, nested)",canon_012
psa,pairwise PSA (mean over judge pairs),Fairness / cheating,share,0.3,500,500,1,NA,189,0.8604619010704837,0.8602647410602849,0.8387268577097512,0.8786434218056882,0.8279991999665202,0.8879918495128583,0.010285489184635677,0.015326251050545749,1,0.02,0.05,0.802,1,p10-p90 and p2.5-p97.5 are ACROSS-SUBSAMPLE RANGES describing design stability. They are NOT confidence intervals and have no coverage interpretation.,"issue_id (without replacement, stratified, nested)",canon_012
psa,pairwise PSA (mean over judge pairs),Fairness / cheating,share,0.4,500,500,1,NA,251,0.8604619010704837,0.8592809520596882,0.8424770058258471,0.8752666733962831,0.8358923218586127,0.8818062006379781,0.008496062810823823,0.012358721892047904,1,0.02,0.05,0.906,1,p10-p90 and p2.5-p97.5 are ACROSS-SUBSAMPLE RANGES describing design stability. They are NOT confidence intervals and have no coverage interpretation.,"issue_id (without replacement, stratified, nested)",canon_012
psa,pairwise PSA (mean over judge pairs),Fairness / cheating,share,0.5,500,500,1,NA,312,0.8604619010704837,0.8600253330617267,0.8474771881202137,0.8718896118757022,0.8396358651724166,0.8766569091531647,0.006685374348350814,0.009755474484682839,1,0.02,0.05,0.96,1,p10-p90 and p2.5-p97.5 are ACROSS-SUBSAMPLE RANGES describing design stability. They are NOT confidence intervals and have no coverage interpretation.,"issue_id (without replacement, stratified, nested)",canon_012
psa,pairwise PSA (mean over judge pairs),Fairness / cheating,share,0.6,500,500,1,NA,376,0.8604619010704837,0.860252664721068,0.8497041259571696,0.8695465304390118,0.8451550481359931,0.8745589002195326,0.0054792256425840735,0.00774534266433845,1,0.02,0.05,0.992,1,p10-p90 and p2.5-p97.5 are ACROSS-SUBSAMPLE RANGES describing design stability. They are NOT confidence intervals and have no coverage interpretation.,"issue_id (without replacement, stratified, nested)",canon_012
psa,pairwise PSA (mean over judge pairs),Fairness / cheating,share,0.75,500,500,1,NA,468,0.8604619010704837,0.8598708927957939,0.85304961409083635,0.8668033061906937,0.849019879231278,0.8697064879972262,0.0035657637130163677,0.0053767901563142335,1,0.02,0.05,1,1,p10-p90 and p2.5-p97.5 are ACROSS-SUBSAMPLE RANGES describing design stability. They are NOT confidence intervals and have no coverage interpretation.,"issue_id (without replacement, stratified, nested)",canon_012
psa,pairwise PSA (mean over judge pairs),Fairness / cheating,share,0.9,500,500,1,NA,563,0.8604619010704837,0.8603281437245656,0.8565857427652005,0.8640857923368804,0.8546691235165809,0.8655765257463397,0.0018699376776639687,0.002864920133575022,1,0.02,0.05,1,1,p10-p90 and p2.5-p97.5 are ACROSS-SUBSAMPLE RANGES describing design stability. They are NOT confidence intervals and have no coverage interpretation.,"issue_id (without replacement, stratified, nested)",canon_012
psa,pairwise PSA (mean over judge pairs),Fairness / cheating,share,1,1,1,1,NA,624,0.8604619010704837,0.8604619010704837,0.8604619010704837,0.8604619010704837,0.8604619010704837,0.8604619010704837,0,0,1,0.02,0.05,1,1,p10-p90 and p2.5-p97.5 are ACROSS-SUBSAMPLE RANGES describing design stability. They are NOT confidence intervals and have no coverage interpretation.,"issue_id (without replacement, stratified, nested)",canon_012
psa,pairwise PSA (mean over judge pairs),Liberty / oppression,share,0.1,500,500,1,NA,64,0.7592312815208994,0.7563403905896255,0.70442414728375,0.8030711226443293,0.6654279947076878,0.8274823644883315,0.02631769095083142,0.04181696092441441,1,0.02,0.05,0.394,0.794,p10-p90 and p2.5-p97.5 are ACROSS-SUBSAMPLE RANGES describing design stability. They are NOT confidence intervals and have no coverage interpretation.,"issue_id (without replacement, stratified, nested)",canon_012
psa,pairwise PSA (mean over judge pairs),Liberty / oppression,share,0.2,500,500,1,NA,126,0.7592312815208994,0.7570525740434391,0.724204848679366,0.790897460063679,0.6987695212090617,0.8056098094894966,0.018534208304355204,0.027061459306570553,1,0.02,0.05,0.526,0.936,p10-p90 and p2.5-p97.5 are ACROSS-SUBSAMPLE RANGES describing design stability. They are NOT confidence intervals and have no coverage interpretation.,"issue_id (without replacement, stratified, nested)",canon_012
psa,pairwise PSA (mean over judge pairs),Liberty / oppression,share,0.3,500,500,1,NA,189,0.7592312815208994,0.7580220466402068,0.7276230266921,0.7811271915376865,0.7165163782113959,0.7928142811173924,0.01306334046742269,0.0206496939140834,1,0.02,0.05,0.686,0.98,p10-p90 and p2.5-p97.5 are ACROSS-SUBSAMPLE RANGES describing design stability. They are NOT confidence intervals and have no coverage interpretation.,"issue_id (without replacement, stratified, nested)",canon_012
psa,pairwise PSA (mean over judge pairs),Liberty / oppression,share,0.4,500,500,1,NA,251,0.7592312815208994,0.7593087352636274,0.7344263684601322,0.7776037009034538,0.7228998785355759,0.7867452097364582,0.010569251113237199,0.016441549807916844,1,0.02,0.05,0.788,0.998,p10-p90 and p2.5-p97.5 are ACROSS-SUBSAMPLE RANGES describing design stability. They are NOT confidence intervals and have no coverage interpretation.,"issue_id (without replacement, stratified, nested)",canon_012
psa,pairwise PSA (mean over judge pairs),Liberty / oppression,share,0.5,500,500,1,NA,312,0.7592312815208994,0.7587762702516324,0.7389965097887549,0.7757224562463236,0.7301417723533845,0.784872900383625,0.009508399904456344,0.014246368893257222,1,0.02,0.05,0.838,1,p10-p90 and p2.5-p97.5 are ACROSS-SUBSAMPLE RANGES describing design stability. They are NOT confidence intervals and have no coverage interpretation.,"issue_id (without replacement, stratified, nested)",canon_012
psa,pairwise PSA (mean over judge pairs),Liberty / oppression,share,0.6,500,500,1,NA,376,0.7592312815208994,0.7582594707902963,0.7430836122024758,0.7731917604214772,0.7350468059206043,0.7828522823688895,0.007753894385141735,0.011705919206950695,1,0.02,0.05,0.914,1,p10-p90 and p2.5-p97.5 are ACROSS-SUBSAMPLE RANGES describing design stability. They are NOT confidence intervals and have no coverage interpretation.,"issue_id (without replacement, stratified, nested)",canon_012
psa,pairwise PSA (mean over judge pairs),Liberty / oppression,share,0.75,500,500,1,NA,468,0.7592312815208994,0.759017388650324,0.7492705418104177,0.76988490141219,0.7425172031038167,0.7744395419128847,0.005034919594168685,0.008034652495285595,1,0.02,0.05,0.992,1,p10-p90 and p2.5-p97.5 are ACROSS-SUBSAMPLE RANGES describing design stability. They are NOT confidence intervals and have no coverage interpretation.,"issue_id (without replacement, stratified, nested)",canon_012
psa,pairwise PSA (mean over judge pairs),Liberty / oppression,share,0.9,500,500,1,NA,563,0.7592312815208994,0.7594131713929557,0.7535663259685778,0.7650810020210398,0.7504965676117104,0.7671537481973387,0.003168884725450072,0.004405534706961815,1,0.02,0.05,1,1,p10-p90 and p2.5-p97.5 are ACROSS-SUBSAMPLE RANGES describing design stability. They are NOT confidence intervals and have no coverage interpretation.,"issue_id (without replacement, stratified, nested)",canon_012
psa,pairwise PSA (mean over judge pairs),Liberty / oppression,share,1,1,1,1,NA,624,0.7592312815208994,0.7592312815208994,0.7592312815208994,0.7592312815208994,0.7592312815208994,0.7592312815208994,0,0,1,0.02,0.05,1,1,p10-p90 and p2.5-p97.5 are ACROSS-SUBSAMPLE RANGES describing design stability. They are NOT confidence intervals and have no coverage interpretation.,"issue_id (without replacement, stratified, nested)",canon_012
psa,pairwise PSA (mean over judge pairs),Loyalty / betrayal,share,0.1,500,500,1,NA,64,0.5581479323236274,0.5483327571817052,0.44476050782395515,0.6424625862564116,0.3944338812050142,0.6916578516299559,0.04922563874635899,0.0785157121192017,1,0.02,0.05,0.204,0.51,p10-p90 and p2.5-p97.5 are ACROSS-SUBSAMPLE RANGES describing design stability. They are NOT confidence intervals and have no coverage interpretation.,"issue_id (without replacement, stratified, nested)",canon_012
psa,pairwise PSA (mean over judge pairs),Loyalty / betrayal,share,0.2,500,500,1,NA,126,0.5581479323236274,0.552628545302293,0.4891398438414724,0.6256801969796306,0.44625749521120234,0.657361887388408,0.033685654628721085,0.05408529951969619,1,0.02,0.05,0.302,0.656,p10-p90 and p2.5-p97.5 are ACROSS-SUBSAMPLE RANGES describing design stability. They are NOT confidence intervals and have no coverage interpretation.,"issue_id (without replacement, stratified, nested)",canon_012
psa,pairwise PSA (mean over judge pairs),Loyalty / betrayal,share,0.3,500,500,1,NA,189,0.5581479323236274,0.5559775570754462,0.5059674877858845,0.608779593798687,0.4712153086725144,0.6327421487279024,0.028574477542840038,0.04050074834629888,1,0.02,0.05,0.37,0.786,p10-p90 and p2.5-p97.5 are ACROSS-SUBSAMPLE RANGES describing design stability. They are NOT confidence intervals and have no coverage interpretation.,"issue_id (without replacement, stratified, nested)",canon_012
psa,pairwise PSA (mean over judge pairs),Loyalty / betrayal,share,0.4,500,500,1,NA,251,0.5581479323236274,0.5604806122871139,0.5158777885567201,0.5967095746544008,0.4900491546867207,0.616518918605534,0.02288423663715322,0.03240080383633528,1,0.02,0.05,0.436,0.872,p10-p90 and p2.5-p97.5 are ACROSS-SUBSAMPLE RANGES describing design stability. They are NOT confidence intervals and have no coverage interpretation.,"issue_id (without replacement, stratified, nested)",canon_012
psa,pairwise PSA (mean over judge pairs),Loyalty / betrayal,share,0.5,500,500,1,NA,312,0.5581479323236274,0.560483867802287,0.5242253781107655,0.5898954695118627,0.5032720519589777,0.6020762962085571,0.01864871387296324,0.026418502135246037,1,0.02,0.05,0.538,0.956,p10-p90 and p2.5-p97.5 are ACROSS-SUBSAMPLE RANGES describing design stability. They are NOT confidence intervals and have no coverage interpretation.,"issue_id (without replacement, stratified, nested)",canon_012
psa,pairwise PSA (mean over judge pairs),Loyalty / betrayal,share,0.6,500,500,1,NA,376,0.5581479323236274,0.5607381195741277,0.5269530900961794,0.5830679514811413,0.5143946469286368,0.5921931997978495,0.014617636332688921,0.021443928753204226,1,0.02,0.05,0.638,0.988,p10-p90 and p2.5-p97.5 are ACROSS-SUBSAMPLE RANGES describing design stability. They are NOT confidence intervals and have no coverage interpretation.,"issue_id (without replacement, stratified, nested)",canon_012
psa,pairwise PSA (mean over judge pairs),Loyalty / betrayal,share,0.75,500,500,1,NA,468,0.5581479323236274,0.5599569265581954,0.537570732315102,0.5768711371364881,0.5251769786084132,0.585069225473353,0.010190500891397725,0.015431810512375061,1,0.02,0.05,0.804,0.998,p10-p90 and p2.5-p97.5 are ACROSS-SUBSAMPLE RANGES describing design stability. They are NOT confidence intervals and have no coverage interpretation.,"issue_id (without replacement, stratified, nested)",canon_012
psa,pairwise PSA (mean over judge pairs),Loyalty / betrayal,share,0.9,500,500,1,NA,563,0.5581479323236274,0.5596679227393865,0.5453074862491075,0.5675209103775106,0.5353087368629256,0.5709771180775263,0.0056400009974809096,0.00914562823277545,1,0.02,0.05,0.958,1,p10-p90 and p2.5-p97.5 are ACROSS-SUBSAMPLE RANGES describing design stability. They are NOT confidence intervals and have no coverage interpretation.,"issue_id (without replacement, stratified, nested)",canon_012
psa,pairwise PSA (mean over judge pairs),Loyalty / betrayal,share,1,1,1,1,NA,624,0.5581479323236274,0.5581479323236274,0.5581479323236274,0.5581479323236274,0.5581479323236274,0.5581479323236274,0,0,1,0.02,0.05,1,1,p10-p90 and p2.5-p97.5 are ACROSS-SUBSAMPLE RANGES describing design stability. They are NOT confidence intervals and have no coverage interpretation.,"issue_id (without replacement, stratified, nested)",canon_012
psa,pairwise PSA (mean over judge pairs),Sanctity / degradation,share,0.1,500,500,1,NA,64,0.46545817920548865,0.40390466015466014,0.14220131449782616,0.6256561262001519,0.07362663187431732,0.7052092999480395,0.14172007947559687,0.19482533554849918,1,0.02,0.05,0.084,0.198,p10-p90 and p2.5-p97.5 are ACROSS-SUBSAMPLE RANGES describing design stability. They are NOT confidence intervals and have no coverage interpretation.,"issue_id (without replacement, stratified, nested)",canon_012
psa,pairwise PSA (mean over judge pairs),Sanctity / degradation,share,0.2,500,500,1,NA,126,0.46545817920548865,0.43732078603620594,0.27224235145697734,0.5895982036831359,0.1857016561461233,0.6334924641051447,0.08740416186254052,0.12383127677889201,1,0.02,0.05,0.134,0.312,p10-p90 and p2.5-p97.5 are ACROSS-SUBSAMPLE RANGES describing design stability. They are NOT confidence intervals and have no coverage interpretation.,"issue_id (without replacement, stratified, nested)",canon_012
psa,pairwise PSA (mean over judge pairs),Sanctity / degradation,share,0.3,500,500,1,NA,189,0.46545817920548865,0.44637458557633924,0.3202710507878986,0.5591394060088457,0.24340425698341528,0.6044895939255601,0.07004094047009268,0.09782841239371864,1,0.02,0.05,0.142,0.366,p10-p90 and p2.5-p97.5 are ACROSS-SUBSAMPLE RANGES describing design stability. They are NOT confidence intervals and have no coverage interpretation.,"issue_id (without replacement, stratified, nested)",canon_012
psa,pairwise PSA (mean over judge pairs),Sanctity / degradation,share,0.4,500,500,1,NA,251,0.46545817920548865,0.4609799954793238,0.33494730728998123,0.5469992969199288,0.28218019165162794,0.5697963863534938,0.05235840723731172,0.07893323119955009,1,0.02,0.05,0.186,0.472,p10-p90 and p2.5-p97.5 are ACROSS-SUBSAMPLE RANGES describing design stability. They are NOT confidence intervals and have no coverage interpretation.,"issue_id (without replacement, stratified, nested)",canon_012
psa,pairwise PSA (mean over judge pairs),Sanctity / degradation,share,0.5,500,500,1,NA,312,0.46545817920548865,0.46355763537635614,0.367583642051056,0.5274831826689844,0.309911779131252,0.5498411424099932,0.04366587917375514,0.06412062274518876,1,0.02,0.05,0.242,0.582,p10-p90 and p2.5-p97.5 are ACROSS-SUBSAMPLE RANGES describing design stability. They are NOT confidence intervals and have no coverage interpretation.,"issue_id (without replacement, stratified, nested)",canon_012
psa,pairwise PSA (mean over judge pairs),Sanctity / degradation,share,0.6,500,500,1,NA,376,0.46545817920548865,0.4644020908319155,0.39023919666367013,0.5126264547856856,0.35908917083726233,0.5392927975932942,0.03301107007755297,0.04907776544177234,1,0.02,0.05,0.3,0.726,p10-p90 and p2.5-p97.5 are ACROSS-SUBSAMPLE RANGES describing design stability. They are NOT confidence intervals and have no coverage interpretation.,"issue_id (without replacement, stratified, nested)",canon_012
psa,pairwise PSA (mean over judge pairs),Sanctity / degradation,share,0.75,500,500,1,NA,468,0.46545817920548865,0.4680623096500503,0.41178238447538157,0.5013798333983518,0.38151796957522366,0.5125082782928656,0.022482283938373038,0.03509710982751984,1,0.02,0.05,0.452,0.868,p10-p90 and p2.5-p97.5 are ACROSS-SUBSAMPLE RANGES describing design stability. They are NOT confidence intervals and have no coverage interpretation.,"issue_id (without replacement, stratified, nested)",canon_012
psa,pairwise PSA (mean over judge pairs),Sanctity / degradation,share,0.9,500,500,1,NA,563,0.46545817920548865,0.4697879149442555,0.43558203492131564,0.4847714810026334,0.41337719450394417,0.49061231507894587,0.011324041411629904,0.01972775381937593,1,0.02,0.05,0.756,0.962,p10-p90 and p2.5-p97.5 are ACROSS-SUBSAMPLE RANGES describing design stability. They are NOT confidence intervals and have no coverage interpretation.,"issue_id (without replacement, stratified, nested)",canon_012
psa,pairwise PSA (mean over judge pairs),Sanctity / degradation,share,1,1,1,1,NA,624,0.46545817920548865,0.46545817920548865,0.46545817920548865,0.46545817920548865,0.46545817920548865,0.46545817920548865,0,0,1,0.02,0.05,1,1,p10-p90 and p2.5-p97.5 are ACROSS-SUBSAMPLE RANGES describing design stability. They are NOT confidence intervals and have no coverage interpretation.,"issue_id (without replacement, stratified, nested)",canon_012
